Country,Year,MonthCode,Month,Name of distribution company,Name of major city,Additional Info,Number of EV Charging Stations excluding Heavy Duty Vehicles charging stations (including EV charging points) (UOM:Number) |Scaling Factor:1,Number of PCS specific to Heavy Duty Vehicles (E-bus etc.) (UOM:Number) |Scaling Factor:1,Electricity consumed in Electric Vehicle (EV) charging stations excluding heavy duty vehicles Public Charging Station (PCS) (UOM:KWH(KilowattPerHour)) |Scaling Factor:1,Electricity consumed in heavy duty Public Charging Station (PCS) only (UOM:KWH(KilowattPerHour)) |Scaling Factor:1,Total electricity consumed of Electric Vehicle (EV) charging stations (UOM:MU(Megaunit)) |Scaling Factor:1
India,"Financial Year (Apr - Mar), 2023",202308,"November, 2023","AVVNL, Raj.",Ajmer,,,0,17127,0,0.000
India,"Financial Year (Apr - Mar), 2023",202308,"November, 2023","APSPDCL, AP","Anantpur, Kadapa, Kurnool, Nellore, Tirupati",,31,8,15149,1269144,1.284
India,"Financial Year (Apr - Mar), 2023",202308,"November, 2023","APEPDCL, AP","Visakhapatna m, Rajmahendrav aram, West Godavari, Srikakulam, Vizianagaram etc.",,75,0,29338,0,0.029
India,"Financial Year (Apr - Mar), 2023",202308,"November, 2023","APDCL, Assam","Badarpur, Karimganj,kokr ajhar, Nagaon, Silchar, Guwahati, Tezpur",,,10,219564,19433,0.000
India,"Financial Year (Apr - Mar), 2023",202308,"November, 2023",UT Chandigarh,Chandigarh,,,7,80946,670686,0.000
India,"Financial Year (Apr - Mar), 2023",202308,"November, 2023","UHBVN, Haryana","Panchkula, Karnal, Kaithal, Sonipat, Ambala, Kurukshetra",,24,0,42792,0,0.043
India,"Financial Year (Apr - Mar), 2023",202308,"November, 2023","UGVCL, Guj.","Surat City, Navsari, Vapi- Town, Haldarva, Bharuch East, Kavadiya Colony",,53,13,51912,1592639,1.645
India,"Financial Year (Apr - Mar), 2023",202308,"November, 2023","UGVCL, Guj.","Hebatpur, Bavla (Ramnagar), FEDRA, Dholasan, Asal, Modasa, Majadar, Nugar, Rangpur",,33,0,21119,0,0.021
India,"Financial Year (Apr - Mar), 2023",202308,"November, 2023","Torrent Power, Guj.",Ahemdabad,,33,8,19193,1473998,1.493
India,"Financial Year (Apr - Mar), 2023",202308,"November, 2023","Tata Power- DDL, Delhi",New Delhi,,725,6,3160000,4520000,7.680
India,"Financial Year (Apr - Mar), 2023",202308,"November, 2023","TSSPDCL, Tng.",Hyderabad,,,9,90000,320000,0.000
India,"Financial Year (Apr - Mar), 2023",202308,"November, 2023","TSNPDCL, Tng.","Coimbatore, Villupuram, Tirunelveli, Chennai North, Vellore",,190,0,1056146,0,1.056
India,"Financial Year (Apr - Mar), 2023",202308,"November, 2023","TSNPDCL, Tng.","Adilabad, Hanamkonda, Kamareddy, Karimnagar, Khammam, Mahabubaba d, Nirmal, Nazimabad, Pdeapally, Warangal",,36,0,12780,0,0.013
India,"Financial Year (Apr - Mar), 2023",202308,"November, 2023","SBPDCL, Bihar",Patna,,352,2,290230,177640,0.468
India,"Financial Year (Apr - Mar), 2023",202308,"November, 2023","SBPDCL, Bihar","Bhubaneswar, Puri, Khordha & Paradeep",,,0,3590,0,0.000
India,"Financial Year (Apr - Mar), 2023",202308,"November, 2023","PGVCL, Guj.","Rajkot, Surendranagar , Junagadh, Jamnagar, Morbi, Botad",,35,3,46484,238780,0.285
India,"Financial Year (Apr - Mar), 2023",202308,"November, 2023","Noida Power Company Ltd. (NPCL), UP",Greater Noida,,5,0,9863,0,0.010
India,"Financial Year (Apr - Mar), 2023",202308,"November, 2023","NBPDCL, Bihar",Patna,,234,0,31217,0,0.031
India,"Financial Year (Apr - Mar), 2023",202308,"November, 2023","MSEDCL, Mah.","Navi Mumbai, Pune, Thane, Nagpur",,2782,17,673749,7860990,8.535
India,"Financial Year (Apr - Mar), 2023",202308,"November, 2023","MESCOM, Kar.","Mangaluru, Udupi, Shivamogga, Chikkamagalur u",,69,2,6883,78120,0.085
India,"Financial Year (Apr - Mar), 2023",202308,"November, 2023","LPDCL, UT of Ladakh",Chandigarh,,,7,80946,670686,0.000
India,"Financial Year (Apr - Mar), 2023",202308,"November, 2023","LPDCL, UT of Ladakh","Bhopal City, Gwalior City, Betul, Guna, Harda, Itarsi, Narmadapura m, Bareli, Raisen, Narsinghgarh, Zeerapur, Ashta, Vidisha",,97,1,19912,209400,0.229
India,"Financial Year (Apr - Mar), 2023",202308,"November, 2023","KSEB, Ker.","Thiruvanantha puram, Ernakulam, Kozhikode",,,5,144612,31300,0.000
India,"Financial Year (Apr - Mar), 2023",202308,"November, 2023","JVVNL, Raj.","Alwar, Dausa, JCC, JPDC",,,11,430496,83625,0.000
India,"Financial Year (Apr - Mar), 2023",202308,"November, 2023","JDVVNL, Raj.",Pali,,,11,430496,83625,0.000
India,"Financial Year (Apr - Mar), 2023",202308,"November, 2023","HESCOM, Kar.",Hubli,,24,0,15619,0,0.016
India,"Financial Year (Apr - Mar), 2023",202308,"November, 2023","GESCOM, Kar.",Kalaburgi,,1,0,1933,0,0.002
India,"Financial Year (Apr - Mar), 2023",202308,"November, 2023","DVC, WB","Maithon, Dhanbad",,,0,3590,0,0.000
India,"Financial Year (Apr - Mar), 2023",202308,"November, 2023","DHBVN, Haryana","Faridabad, Gurugram, Hisar,Rewari, Sirsa, Narnaul, Palwal",,85,0,1564088,0,1.564
India,"Financial Year (Apr - Mar), 2023",202308,"November, 2023","CESC, WB",Kolkata,,12,11,3492,191502,0.195
India,"Financial Year (Apr - Mar), 2023",202308,"November, 2023","CESC Mysore, Kar.","Mysore, Mandya, Hassan, Kodagu",,26,3,15274,225900,0.241
India,"Financial Year (Apr - Mar), 2023",202308,"November, 2023","Brihan Mumbai Electric Supply Company (BEST), Mah.",MUMBAI (BEST),,405,40,472803,2030902,2.504
India,"Financial Year (Apr - Mar), 2023",202308,"November, 2023","BYPL, Delhi",New Delhi,,1268,3,2612813,1602760,4.216
India,"Financial Year (Apr - Mar), 2023",202308,"November, 2023","BRPL, Delhi",New Delhi,,1975,3,4969180,2440860,7.410
India,"Financial Year (Apr - Mar), 2023",202308,"November, 2023","BESCOM, Kar.","Bangalore, Davangere, Chitradurga, Tumkuru, Kolar",,308,0,245073,0,0.245
India,"Financial Year (Apr - Mar), 2023",202307,"October, 2023","LPDCL, UT of Ladakh","Bhopal City, Gwalior City, Betul, Guna, Harda, Itarsi, Narmadapura m, Bareli, Raisen, Narsinghgarh, Zeerapur, Ashta, Vidisha",,96,1,24713,208212,0.233
India,"Financial Year (Apr - Mar), 2023",202307,"October, 2023","KSEB, Ker.","Thiruvanantha puram, Ernakulam, Kozhikode",,,5,144612,31300,0.000
India,"Financial Year (Apr - Mar), 2023",202307,"October, 2023","JVVNL, Raj.","Alwar, Dausa, JCC, JPDC",,,11,430496,83625,0.000
India,"Financial Year (Apr - Mar), 2023",202307,"October, 2023","JDVVNL, Raj.",Pali,,,11,430496,83625,0.000
India,"Financial Year (Apr - Mar), 2023",202307,"October, 2023","HESCOM, Kar.",Hubli,,23,0,15115,0,0.015
India,"Financial Year (Apr - Mar), 2023",202307,"October, 2023","GESCOM, Kar.",Kalaburgi,,1,0,1593,0,0.002
India,"Financial Year (Apr - Mar), 2023",202307,"October, 2023","DVC, WB","Maithon, Dhanbad",,,0,3590,0,0.000
India,"Financial Year (Apr - Mar), 2023",202307,"October, 2023","CESC, WB",Kolkata,,12,11,3860,217518,0.221
India,"Financial Year (Apr - Mar), 2023",202307,"October, 2023","DHBVN, Haryana","Faridabad, Gurugram, Hisar,Rewari, Sirsa, Narnaul, Palwal",,80,0,1135212,0,1.135
India,"Financial Year (Apr - Mar), 2023",202307,"October, 2023","CESC Mysore, Kar.","Mysore, Mandya, Hassan, Kodagu",,25,3,11565,199020,0.211
India,"Financial Year (Apr - Mar), 2023",202307,"October, 2023","Brihan Mumbai Electric Supply Company (BEST), Mah.",MUMBAI (BEST),,258,40,390484,1826358,2.217
India,"Financial Year (Apr - Mar), 2023",202307,"October, 2023","BYPL, Delhi",New Delhi,,1263,3,2601136,946700,3.548
India,"Financial Year (Apr - Mar), 2023",202307,"October, 2023","BRPL, Delhi",New Delhi,,1926,3,4521290,2748480,7.270
India,"Financial Year (Apr - Mar), 2023",202307,"October, 2023","BESCOM, Kar.","Bangalore, Davangere, Chitradurga, Tumkuru, Kolar",,302,0,237260,0,0.237
India,"Financial Year (Apr - Mar), 2023",202307,"October, 2023","AVVNL, Raj.",Ajmer,,,0,17127,0,0.000
India,"Financial Year (Apr - Mar), 2023",202307,"October, 2023","APSPDCL, AP","Anantpur, Kadapa, Kurnool, Nellore, Tirupati",,30,8,12074,1181724,1.194
India,"Financial Year (Apr - Mar), 2023",202307,"October, 2023","APEPDCL, AP","Visakhapatna m, Rajmahendrav aram, West Godavari, Srikakulam, Vizianagaram etc.",,75,0,34043,0,0.034
India,"Financial Year (Apr - Mar), 2023",202307,"October, 2023","APEPDCL, AP","Visakhapatna m, Rajmahendra varam, West Godavari, Srikakulam, Vizianagaram",,75,0,34043,0,0.034
India,"Financial Year (Apr - Mar), 2023",202307,"October, 2023","APDCL, Assam","Badarpur, Karimganj,kokr ajhar, Nagaon, Silchar, Guwahati, Tezpur",,,10,219564,19433,0.000
India,"Financial Year (Apr - Mar), 2023",202307,"October, 2023","APDCL, Assam","Badarpur, Karimganj,kok rajhar, Nagaon, Silchar, Guwahati, Tezpur",,,10,219564,19433,0.239
India,"Financial Year (Apr - Mar), 2023",202307,"October, 2023",UT Chandigarh,Chandigarh,,,7,80946,670686,0.000
India,"Financial Year (Apr - Mar), 2023",202307,"October, 2023","UHBVN, Haryana","Panchkula, Karnal, Kaithal, Sonipat, Ambala, Kurukshetra",,19,0,63721,0,0.064
India,"Financial Year (Apr - Mar), 2023",202307,"October, 2023","UGVCL, Guj.","Surat City, Navsari, Vapi- Town, Haldarva, Bharuch East, Kavadiya Colony",,53,13,51763,1597021,1.649
India,"Financial Year (Apr - Mar), 2023",202307,"October, 2023","UGVCL, Guj.","Hebatpur, Bavla (Ramnagar), FEDRA, Dholasan, Asal, Modasa, Majadar, Nugar, Rangpur",,31,0,13607,0,0.014
India,"Financial Year (Apr - Mar), 2023",202307,"October, 2023","Torrent Power, Guj.",Ahemdabad,,31,8,15417,1737566,1.753
India,"Financial Year (Apr - Mar), 2023",202307,"October, 2023","Tata Power-DDL, Delhi",New Delhi,,712,5,3120000,4310000,7.430
India,"Financial Year (Apr - Mar), 2023",202307,"October, 2023","Tata Power- DDL, Delhi",New Delhi,,712,5,3120000,4310000,7.430
India,"Financial Year (Apr - Mar), 2023",202307,"October, 2023","TSSPDCL, Tng.",Hyderabad,,,9,90000,320000,0.000
India,"Financial Year (Apr - Mar), 2023",202307,"October, 2023","TSNPDCL, Tng.","Coimbatore, Villupuram, Tirunelveli, Chennai North, Vellore",,139,0,597914,0,0.598
India,"Financial Year (Apr - Mar), 2023",202307,"October, 2023","TSNPDCL, Tng.","Adilabad, Hanamkonda, Kamareddy, Karimnagar, Khammam, Mahabubaba d, Nirmal, Nazimabad, Pdeapally, Warangal",,35,0,10692,0,0.011
India,"Financial Year (Apr - Mar), 2023",202307,"October, 2023","TPCODL, Orissa","Bhubaneswar, Puri, Khordha & Paradeep",,,0,3590,0,0.004
India,"Financial Year (Apr - Mar), 2023",202307,"October, 2023","TANGEDCO, TN","Coimbatore, Villupuram, Tirunelveli, Chennai North, Vellore",,139,0,597914,0,0.598
India,"Financial Year (Apr - Mar), 2023",202307,"October, 2023","SBPDCL, Bihar",Patna,,318,2,361730,205446,0.567
India,"Financial Year (Apr - Mar), 2023",202307,"October, 2023","SBPDCL, Bihar","Bhubaneswar, Puri, Khordha & Paradeep",,,0,3590,0,0.000
India,"Financial Year (Apr - Mar), 2023",202307,"October, 2023","PGVCL, Guj.","Rajkot, Surendranagar , Junagadh, Jamnagar, Morbi, Botad",,35,3,47756,468337,0.516
India,"Financial Year (Apr - Mar), 2023",202307,"October, 2023","PGVCL, Guj.","Rajkot, Surendranaga r, Junagadh, Jamnagar, Morbi, Botad",,35,3,47756,468337,0.516
India,"Financial Year (Apr - Mar), 2023",202307,"October, 2023","Noida Power Company Ltd. (NPCL), UP",Greater Noida,,4,0,2553,0,0.003
India,"Financial Year (Apr - Mar), 2023",202307,"October, 2023","NBPDCL, Bihar",Patna,,224,0,28350,0,0.028
India,"Financial Year (Apr - Mar), 2023",202307,"October, 2023","MSEDCL, Mah.","Navi Mumbai, Pune, Thane, Nagpur",,2782,17,627737,8190369,8.818
India,"Financial Year (Apr - Mar), 2023",202307,"October, 2023","MPMKVVCL, MP","Bhopal City, Gwalior City, Betul, Guna, Harda, Itarsi, Narmadapura m, Bareli, Raisen, Narsinghgarh, Zeerapur, Ashta, Vidisha",,96,1,24713,208212,0.233
India,"Financial Year (Apr - Mar), 2023",202307,"October, 2023","MESCOM, Kar.","Mangaluru, Udupi, Shivamogga, Chikkamagalur u",,69,2,9522,77730,0.087
India,"Financial Year (Apr - Mar), 2023",202307,"October, 2023","MESCOM, Kar.","Mangaluru, Udupi, Shivamogga, Chikkamagal uru",,69,2,9522,77730,0.087
India,"Financial Year (Apr - Mar), 2023",202307,"October, 2023","LPDCL, UT of Ladakh",Chandigarh,,,7,80946,670686,0.000
India,"Financial Year (Apr - Mar), 2023",202306,"September, 2023","APEPDCL, AP","Visakhapatna m, Rajmahendra varam, West Godavari, Srikakulam, Vizianagaram",,70,0,22216,0,0.022
India,"Financial Year (Apr - Mar), 2023",202306,"September, 2023",UT Chandigarh,Chandigarh,,23,7,80946,670686,0.752
India,"Financial Year (Apr - Mar), 2023",202306,"September, 2023","UHBVN, Haryana","Panchkula, Karnal, Kaithal, Sonipat, Ambala, Kurukshetra",,15,0,13558,0,0.014
India,"Financial Year (Apr - Mar), 2023",202306,"September, 2023","UGVCL, Guj.","Surat City, Navsari, Vapi- Town, Haldarva, Bharuch East, Kavadiya Colony",,53,13,48121,1615706,1.664
India,"Financial Year (Apr - Mar), 2023",202306,"September, 2023","UGVCL, Guj.","Hebatpur, Bavla (Ramnagar), FEDRA, Dholasan, Asal, Modasa, Majadar, Nugar, Rangpur",,29,0,19668,0,0.020
India,"Financial Year (Apr - Mar), 2023",202306,"September, 2023","UGVCL, Guj.","Hebatpur, Bavla (Ramnagar), FEDRA, Dholasan, Asal, Modasa, Majadar, Nugar,",,29,0,19668,0,0.020
India,"Financial Year (Apr - Mar), 2023",202306,"September, 2023","Torrent Power, Guj.",Ahemdabad,,30,8,15148,1700572,1.716
India,"Financial Year (Apr - Mar), 2023",202306,"September, 2023","Tata Power-DDL, Delhi",New Delhi,,639,5,3220000,810000,4.030
India,"Financial Year (Apr - Mar), 2023",202306,"September, 2023","Tata Power- DDL, Delhi",New Delhi,,639,5,3220000,810000,4.030
India,"Financial Year (Apr - Mar), 2023",202306,"September, 2023","TSSPDCL, Tng.",Hyderabad,,,9,90000,320000,0.000
India,"Financial Year (Apr - Mar), 2023",202306,"September, 2023","TSNPDCL, Tng.","Coimbatore, Villupuram, Tirunelveli, Chennai North, Vellore",,138,0,690454,0,0.690
India,"Financial Year (Apr - Mar), 2023",202306,"September, 2023","TSNPDCL, Tng.","Adilabad, Hanamkonda, Kamareddy, Karimnagar, Khammam, Mahabubaba d, Nirmal, Nazimabad, Pdeapally, Warangal",,33,0,11429,0,0.011
India,"Financial Year (Apr - Mar), 2023",202306,"September, 2023","TPCODL, Orissa","Bhubaneswar, Puri, Khordha & Paradeep",,17,0,3590,0,0.004
India,"Financial Year (Apr - Mar), 2023",202306,"September, 2023","TANGEDCO, TN","Coimbatore, Villupuram, Tirunelveli, Chennai North, Vellore",,138,0,690454,0,0.690
India,"Financial Year (Apr - Mar), 2023",202306,"September, 2023","SBPDCL, Bihar",Patna,,263,2,276586,218701,0.495
India,"Financial Year (Apr - Mar), 2023",202306,"September, 2023","SBPDCL, Bihar","Bhubaneswar, Puri, Khordha & Paradeep",,17,0,3590,0,0.004
India,"Financial Year (Apr - Mar), 2023",202306,"September, 2023","PGVCL, Guj.","Rajkot, Surendranagar , Junagadh, Jamnagar, Morbi, Botad",,25,3,61807,469488,0.531
India,"Financial Year (Apr - Mar), 2023",202306,"September, 2023","PGVCL, Guj.","Rajkot, Surendranaga r, Junagadh, Jamnagar, Morbi, Botad",,25,3,61807,469488,0.531
India,"Financial Year (Apr - Mar), 2023",202306,"September, 2023","Noida Power Company Ltd. (NPCL), UP",Greater Noida,,3,0,1403,0,0.001
India,"Financial Year (Apr - Mar), 2023",202306,"September, 2023","NBPDCL, Bihar",Patna,,204,0,32693,0,0.033
India,"Financial Year (Apr - Mar), 2023",202306,"September, 2023","MSEDCL, Mah.","Navi Mumbai, Pune, Thane, Nagpur",,2782,17,332219,7424356,7.757
India,"Financial Year (Apr - Mar), 2023",202306,"September, 2023","MPMKVVCL, MP","Bhopal City, Gwalior City, Betul, Guna, Harda, Itarsi, Narmadapura m, Bareli, Raisen, Narsinghgarh, Zeerapur, Ashta, Vidisha",,97,1,25358,218128,0.243
India,"Financial Year (Apr - Mar), 2023",202306,"September, 2023","MESCOM, Kar.","Mangaluru, Udupi, Shivamogga, Chikkamagalur u",,67,2,5612,80109,0.086
India,"Financial Year (Apr - Mar), 2023",202306,"September, 2023","MESCOM, Kar.","Mangaluru, Udupi, Shivamogga, Chikkamagal uru",,67,2,5612,80109,0.086
India,"Financial Year (Apr - Mar), 2023",202306,"September, 2023","LPDCL, UT of Ladakh",Chandigarh,,,7,80946,670686,0.000
India,"Financial Year (Apr - Mar), 2023",202306,"September, 2023","LPDCL, UT of Ladakh","Bhopal City, Gwalior City, Betul, Guna, Harda, Itarsi, Narmadapura m, Bareli, Raisen, Narsinghgarh, Zeerapur, Ashta, Vidisha",,97,1,25358,218128,0.243
India,"Financial Year (Apr - Mar), 2023",202306,"September, 2023","KSEB, Ker.","Thiruvanantha puram, Ernakulam, Kozhikode",,,5,144612,31300,0.000
India,"Financial Year (Apr - Mar), 2023",202306,"September, 2023","JVVNL, Raj.","Alwar, Dausa, JCC, JPDC",,,11,430496,83625,0.000
India,"Financial Year (Apr - Mar), 2023",202306,"September, 2023","JDVVNL, Raj.",Pali,,,11,430496,83625,0.000
India,"Financial Year (Apr - Mar), 2023",202306,"September, 2023","HESCOM, Kar.",Hubli,,22,0,11790,0,0.012
India,"Financial Year (Apr - Mar), 2023",202306,"September, 2023","GESCOM, Kar.",Kalaburgi,,1,0,1498,0,0.001
India,"Financial Year (Apr - Mar), 2023",202306,"September, 2023","DVC, WB","Maithon, Dhanbad",,,0,3590,0,0.000
India,"Financial Year (Apr - Mar), 2023",202306,"September, 2023","DHBVN, Haryana","Faridabad, Gurugram, Hisar,Rewari, Sirsa, Narnaul, Palwal",,72,0,1263797,0,1.264
India,"Financial Year (Apr - Mar), 2023",202306,"September, 2023","DGVCL, Guj.","Surat City, Navsari, Vapi- Town, Haldarva, Bharuch East, Kavadiya Colony",,53,13,48121,1615706,1.664
India,"Financial Year (Apr - Mar), 2023",202306,"September, 2023","CESC, WB",Kolkata,,12,11,1830,220680,0.223
India,"Financial Year (Apr - Mar), 2023",202306,"September, 2023","CESC Mysore, Kar.","Mysore, Mandya, Hassan, Kodagu",,25,3,14144,212408,0.227
India,"Financial Year (Apr - Mar), 2023",202306,"September, 2023","Brihan Mumbai Electric Supply Company (BEST), Mah.",MUMBAI (BEST),,199,39,347297,1737301,2.085
India,"Financial Year (Apr - Mar), 2023",202306,"September, 2023","BYPL, Delhi",New Delhi,,1225,2,2415049,1002030,3.417
India,"Financial Year (Apr - Mar), 2023",202306,"September, 2023","BRPL, Delhi",New Delhi,,1891,3,5252080,3396720,8.649
India,"Financial Year (Apr - Mar), 2023",202306,"September, 2023","BESCOM, Kar.","Bangalore, Davangere, Chitradurga, Tumkuru, Kolar",,300,0,266959,0,0.267
India,"Financial Year (Apr - Mar), 2023",202306,"September, 2023","AVVNL, Raj.",Ajmer,,,0,17127,0,0.000
India,"Financial Year (Apr - Mar), 2023",202306,"September, 2023","APSPDCL, AP","Anantpur, Kadapa, Kurnool, Nellore, Tirupati",,30,8,12969,1162101,1.175
India,"Financial Year (Apr - Mar), 2023",202306,"September, 2023","APEPDCL, AP","Visakhapatna m, Rajmahendrav aram, West Godavari, Srikakulam, Vizianagaram etc.",,70,0,22216,0,0.022
India,"Financial Year (Apr - Mar), 2023",202306,"September, 2023","APEPDCL, AP","Visakhapatna m, Rajmahendra varam, West Godavari, Srikakulam, Vizianagaram etc.",,70,0,22216,0,0.022
India,"Financial Year (Apr - Mar), 2023",202306,"September, 2023","APDCL, Assam","Badarpur, Karimganj,kokr ajhar, Nagaon, Silchar, Guwahati, Tezpur",,101,10,219564,19433,0.239
India,"Financial Year (Apr - Mar), 2023",202306,"September, 2023","APDCL, Assam","Badarpur, Karimganj,kok rajhar, Nagaon, Silchar, Guwahati, Tezpur",,101,10,219564,19433,0.239
India,"Financial Year (Apr - Mar), 2023",202305,"August, 2023","APDCL, Assam","Badarpur, Karimganj, kokrajhar, Nagaon, Silchar, Guwahati, Tezpur",,99,9,221296,19714,0.241
India,"Financial Year (Apr - Mar), 2023",202305,"August, 2023",UT Chandigarh,Chandigarh,,21,6,26836,606530,0.633
India,"Financial Year (Apr - Mar), 2023",202305,"August, 2023","UHBVN, Haryana","Panchkula, Karnal, Kaithal, Sonipat, Ambala, Kurukshetra",,15,0,15344,0,0.015
India,"Financial Year (Apr - Mar), 2023",202305,"August, 2023","UGVCL, Guj.","Surat City, Navsari, Vapi- Town, Haldarva, Bharuch East, Kavadiya Colony",,52,12,35136,1497936,1.533
India,"Financial Year (Apr - Mar), 2023",202305,"August, 2023","UGVCL, Guj.","Hebatpur, Bavla (Ramnagar), FEDRA, Dholasan, Asal, Modasa, Majadar, Nugar, Rangpur",,27,0,14916,0,0.015
India,"Financial Year (Apr - Mar), 2023",202305,"August, 2023","UGVCL, Guj.","Hebatpur, Bavla (Ramnagar), FEDRA, Dholasan, Asal, Modasa, Majadar, Nugar,",,27,0,14916,0,0.015
India,"Financial Year (Apr - Mar), 2023",202305,"August, 2023","Torrent Power, Guj.",Ahemdabad,,27,7,13101,1764649,1.778
India,"Financial Year (Apr - Mar), 2023",202305,"August, 2023","Tata Power-DDL, Delhi",New Delhi,,639,3,2610000,1580000,4.190
India,"Financial Year (Apr - Mar), 2023",202305,"August, 2023","Tata Power- DDL, Delhi",New Delhi,,639,3,2610000,1580000,4.190
India,"Financial Year (Apr - Mar), 2023",202305,"August, 2023","TSSPDCL, Tng.",Hyderabad,,106,9,90000,320000,0.410
India,"Financial Year (Apr - Mar), 2023",202305,"August, 2023","TSNPDCL, Tng.","Coimbatore, Villupuram, Tirunelveli, Chennai North, Vellore",,123,0,593509,0,0.594
India,"Financial Year (Apr - Mar), 2023",202305,"August, 2023","TSNPDCL, Tng.","Adilabad, Hanamkonda, Kamareddy, Karimnagar, Khammam, Mahabubabad, Nirmal, Nazimabad, Pdeapally, Warangal",,33,0,8714,0,0.009
India,"Financial Year (Apr - Mar), 2023",202305,"August, 2023","TSNPDCL, Tng.","Adilabad, Hanamkonda, Kamareddy, Karimnagar, Khammam, Mahabubaba d, Nirmal, Nazimabad, Pdeapally, Warangal",,33,0,8714,0,0.009
India,"Financial Year (Apr - Mar), 2023",202305,"August, 2023","TPCODL, Orissa","Bhubaneswar, Puri, Khordha & Paradeep",,17,0,3335,0,0.003
India,"Financial Year (Apr - Mar), 2023",202305,"August, 2023","TANGEDCO, TN","Coimbatore, Villupuram, Tirunelveli, Chennai North, Vellore",,123,0,593509,0,0.594
India,"Financial Year (Apr - Mar), 2023",202305,"August, 2023","SBPDCL, Bihar",Patna,,223,2,277174,225321,0.502
India,"Financial Year (Apr - Mar), 2023",202305,"August, 2023","SBPDCL, Bihar","Bhubaneswar, Puri, Khordha & Paradeep",,17,0,3335,0,0.003
India,"Financial Year (Apr - Mar), 2023",202305,"August, 2023","PGVCL, Guj.","Rajkot, Surendranagar, Junagadh, Jamnagar, Morbi, Botad",,28,3,24253,313184,0.337
India,"Financial Year (Apr - Mar), 2023",202305,"August, 2023","PGVCL, Guj.","Rajkot, Surendranagar , Junagadh, Jamnagar, Morbi, Botad",,25,3,24269,313184,0.337
India,"Financial Year (Apr - Mar), 2023",202305,"August, 2023","PGVCL, Guj.","Rajkot, Surendranaga r, Junagadh, Jamnagar, Morbi, Botad",,25,3,24269,313184,0.337
India,"Financial Year (Apr - Mar), 2023",202305,"August, 2023","Noida Power Company Ltd. (NPCL), UP",Greater Noida,,3,0,2163,0,0.002
India,"Financial Year (Apr - Mar), 2023",202305,"August, 2023","NBPDCL, Bihar",Patna,,194,0,26893,0,0.027
India,"Financial Year (Apr - Mar), 2023",202305,"August, 2023","MSEDCL, Mah.","Note: Based on MSEDCL reply, July-2023 Heavy Duty power consumption has been updated to 6.89 MU (earlier 14.01 MU) and for June-2023, it is updated to 7.19 MU from 13.76 MU earlier.",,2782,17,652263,7178071,7.830
India,"Financial Year (Apr - Mar), 2023",202305,"August, 2023","MSEDCL, Mah.","Navi Mumbai, Pune, Thane, Nagpur",,2782,17,652263,7178071,7.830
India,"Financial Year (Apr - Mar), 2023",202305,"August, 2023","MPMKVVCL, MP","Bhopal City, Gwalior City, Betul, Guna, Harda, Itarsi, Narmadapuram, Bareli, Raisen, Narsinghgarh, Zeerapur, Ashta, Vidisha",,92,1,21720,181266,0.203
India,"Financial Year (Apr - Mar), 2023",202305,"August, 2023","MPMKVVCL, MP","Bhopal City, Gwalior City, Betul, Guna, Harda, Itarsi, Narmadapura m, Bareli, Raisen, Narsinghgarh, Zeerapur, Ashta, Vidisha",,92,1,21720,181266,0.203
India,"Financial Year (Apr - Mar), 2023",202305,"August, 2023","MESCOM, Kar.","Mangaluru, Udupi, Shivamogga, Chikkamagaluru",,67,2,19805,100752,0.121
India,"Financial Year (Apr - Mar), 2023",202305,"August, 2023","MESCOM, Kar.","Mangaluru, Udupi, Shivamogga, Chikkamagalur u",,67,2,19805,100752,0.121
India,"Financial Year (Apr - Mar), 2023",202305,"August, 2023","MESCOM, Kar.","Mangaluru, Udupi, Shivamogga, Chikkamagal uru",,67,2,19805,100752,0.121
India,"Financial Year (Apr - Mar), 2023",202305,"August, 2023","LPDCL, UT of Ladakh",Chandigarh,,,7,80946,670686,0.000
India,"Financial Year (Apr - Mar), 2023",202305,"August, 2023","LPDCL, UT of Ladakh","Bhopal City, Gwalior City, Betul, Guna, Harda, Itarsi, Narmadapura m, Bareli, Raisen, Narsinghgarh, Zeerapur, Ashta, Vidisha",,92,1,21720,181266,0.203
India,"Financial Year (Apr - Mar), 2023",202305,"August, 2023","KSEB, Ker.","Thiruvananthap uram, Ernakulam, Kozhikode",,276,5,144612,31300,0.176
India,"Financial Year (Apr - Mar), 2023",202305,"August, 2023","KSEB, Ker.","Thiruvanantha puram, Ernakulam, Kozhikode",,276,5,144612,31300,0.176
India,"Financial Year (Apr - Mar), 2023",202305,"August, 2023","JVVNL, Raj.","Alwar, Dausa, JCC, JPDC",,172,11,430496,83625,0.514
India,"Financial Year (Apr - Mar), 2023",202305,"August, 2023","JDVVNL, Raj.",Pali,,,11,430496,83625,0.000
India,"Financial Year (Apr - Mar), 2023",202305,"August, 2023","HESCOM, Kar.",Hubli,,12,0,12807,0,0.013
India,"Financial Year (Apr - Mar), 2023",202305,"August, 2023","GESCOM, Kar.",Kalaburgi,,1,0,1619,0,0.002
India,"Financial Year (Apr - Mar), 2023",202305,"August, 2023","DVC, WB","Maithon, Dhanbad",,,0,3590,0,0.000
India,"Financial Year (Apr - Mar), 2023",202305,"August, 2023","DHBVN, Haryana","Faridabad, Gurugram, Hisar,Rewari, Sirsa, Narnaul, Palwal",,64,0,1058482,0,1.058
India,"Financial Year (Apr - Mar), 2023",202305,"August, 2023","DGVCL, Guj.","Surat City, Navsari, Vapi- Town, Haldarva, Bharuch East, Kavadiya Colony",,52,12,35136,1497936,1.533
India,"Financial Year (Apr - Mar), 2023",202305,"August, 2023","CESC, WB",Kolkata,,12,11,2098,244605,0.247
India,"Financial Year (Apr - Mar), 2023",202305,"August, 2023","CESC Mysore, Kar.","Mysore, Mandya, Hassan, Kodagu",,21,3,10112,197518,0.208
India,"Financial Year (Apr - Mar), 2023",202305,"August, 2023","Brihan Mumbai Electric Supply Company (BEST), Mah.",MUMBAI (BEST),,46,34,223432,1843499,2.067
India,"Financial Year (Apr - Mar), 2023",202305,"August, 2023","BYPL, Delhi",New Delhi,,1200,2,2698760,996120,3.695
India,"Financial Year (Apr - Mar), 2023",202305,"August, 2023","BRPL, Delhi",New Delhi,,1846,3,5237277,2914680,8.152
India,"Financial Year (Apr - Mar), 2023",202305,"August, 2023","BESCOM, Kar.","Bangalore, Davangere, Chitradurga, Tumkuru, Kolar",,288,0,235992,0,0.236
India,"Financial Year (Apr - Mar), 2023",202305,"August, 2023","AVVNL, Raj.",Ajmer,,34,0,17127,0,0.017
India,"Financial Year (Apr - Mar), 2023",202305,"August, 2023","APSPDCL, AP","Anantpur, Kadapa, Kurnool, Nellore, Tirupati",,30,8,11272,976561,0.988
India,"Financial Year (Apr - Mar), 2023",202305,"August, 2023","APEPDCL, AP","Visakhapatnam, Rajmahendravar am, West Godavari, Srikakulam, Vizianagaram etc.",,70,0,38473,0,0.038
India,"Financial Year (Apr - Mar), 2023",202305,"August, 2023","APEPDCL, AP","Visakhapatna m, Rajmahendrav aram, West Godavari, Srikakulam, Vizianagaram etc.",,70,0,38473,0,0.038
India,"Financial Year (Apr - Mar), 2023",202305,"August, 2023","APEPDCL, AP","Visakhapatna m, Rajmahendra varam, West Godavari, Srikakulam, Vizianagaram etc.",,70,0,38473,0,0.038
India,"Financial Year (Apr - Mar), 2023",202305,"August, 2023","APEPDCL, AP","Visakhapatna m, Rajmahendra varam, West Godavari, Srikakulam, Vizianagaram",,70,0,38473,0,0.038
India,"Financial Year (Apr - Mar), 2023",202305,"August, 2023","APDCL, Assam","Badarpur, Karimganj,kokr ajhar, Nagaon, Silchar, Guwahati, Tezpur",,99,9,221296,19714,0.241
India,"Financial Year (Apr - Mar), 2023",202305,"August, 2023","APDCL, Assam","Badarpur, Karimganj,kok rajhar, Nagaon, Silchar, Guwahati, Tezpur",,99,9,221296,19714,0.241
India,"Financial Year (Apr - Mar), 2023",202304,"July, 2023","Brihan Mumbai Electric Supply Company (BEST),Mah",Mumbai (Best),,42,31,223605,1956709,2.18
India,"Financial Year (Apr - Mar), 2023",202304,"July, 2023","APDCL, Assam","Badarpur,Karimganj,Kokrajhar,Nagaon,Silchar,Guwahati,Tezpur",,96,9,197710,19095,0.217
India,"Financial Year (Apr - Mar), 2023",202304,"July, 2023","APEPDCL, AP","Visakhapatnam,Rajmahendravaram,West Godavari,Srikakulam,Vizianagaram Etc",,69,0,20033,0,0.02
India,"Financial Year (Apr - Mar), 2023",202304,"July, 2023","APSPDCL, AP","Anantpur,Kadapa,Kurnool,Nellore,Tirupati",,28,8,9477,859817,0.869
India,"Financial Year (Apr - Mar), 2023",202304,"July, 2023","AVVNL, Raj",Ajmer,,29,0,13269,0,0.013
India,"Financial Year (Apr - Mar), 2023",202304,"July, 2023","BRPL, Delhi",New Delhi,,1802,3,4909430,1566780,6.476
India,"Financial Year (Apr - Mar), 2023",202304,"July, 2023","BYPL, Delhi",New Delhi,,1134,2,2137072,931140,3.068
India,"Financial Year (Apr - Mar), 2023",202304,"July, 2023","CESC Mysore,Kar","Mysore, Mandya,Hassan, Kodagu",,21,3,10112,197518,0.208
India,"Financial Year (Apr - Mar), 2023",202304,"July, 2023","CESC, WB",Kolkata,,12,11,2487,250515,0.253
India,"Financial Year (Apr - Mar), 2023",202304,"July, 2023","DGVCL, Guj","Surat City, Navsari,Vapi-Town, Haldarva,Bharuch East, Kavadiya Colony",,49,12,35789,1390120,1.426
India,"Financial Year (Apr - Mar), 2023",202304,"July, 2023","DHBVN, Haryana","Faridabad,Gurugram,Hisar,Rewari,Sirsa, Narnaul,Palwal",,69,0,1103863,0,1.104
India,"Financial Year (Apr - Mar), 2023",202304,"July, 2023","DVC, WB","Maithon,Dhanbad","* = Due to non submission of data by some DISCOMs/entities , the total power consumption is provisional and may be updated later.
Information not provided",,,,,0
India,"Financial Year (Apr - Mar), 2023",202304,"July, 2023","GESCOM,  Kar",Kalaburgi,Information not provided,,,,,0
India,"Financial Year (Apr - Mar), 2023",202304,"July, 2023","HESCOM,  Kar",Hubli,,12,2,6857,177,0.007
India,"Financial Year (Apr - Mar), 2023",202304,"July, 2023","JDVVNL, Raj",Pali,Information not provided,,,,,0
India,"Financial Year (Apr - Mar), 2023",202304,"July, 2023","JVVNL, Raj","Alwar, Dausa,Jcc, Jpdc",,158,11,348636,87169,0.436
India,"Financial Year (Apr - Mar), 2023",202304,"July, 2023","KSEB, Ker","Thiruvananthapuram,Ernakulam,Kozhikode",,273,4,147676,30528,0.178
India,"Financial Year (Apr - Mar), 2023",202304,"July, 2023","LPDCL, UT of Ladakh",,Information not provided,,,,,0
India,"Financial Year (Apr - Mar), 2023",202304,"July, 2023","MESCOM, Kar","Mangaluru, Udupi,Shivamogga,Chikkamagaluru",,67,2,17449,108312,0.126
India,"Financial Year (Apr - Mar), 2023",202304,"July, 2023","MPMKVVCL, MP","Bhopal City,Gwalior City,Betul, Guna,Harda, Itarsi,Narmadapuram, Bareli,Raisen,Narsinghgarh,Zeerapur,Ashta, Vidisha",,85,1,19334,188904,0.208
India,"Financial Year (Apr - Mar), 2023",202304,"July, 2023","MSEDCL, Mah","Navi Mumbai,Pune, Thane,Nagpur",,2782,17,426242,14014717,14.441
India,"Financial Year (Apr - Mar), 2023",202304,"July, 2023","NBPDCL, Bihar",Patna,,181,0,16132,0,0.016
India,"Financial Year (Apr - Mar), 2023",202304,"July, 2023","Noida Power Company Ltd.(NPCL), UP",Greater Noida,,3,0,960,0,0.001
India,"Financial Year (Apr - Mar), 2023",202304,"July, 2023","PGVCL, Guj","Rajkot, Surendranagar,Junagadh, Jamnagar,Morbi, Botad",,25,3,22132,451922,0.474
India,"Financial Year (Apr - Mar), 2023",202304,"July, 2023","SBPDCL, Bihar",Patna,Information not provided,,,,,0
India,"Financial Year (Apr - Mar), 2023",202304,"July, 2023","TANGEDCO,TN","Coimbatore,Villupuram,Tirunelveli,Chennai North, Vellore",Information not provided,,,,,0
India,"Financial Year (Apr - Mar), 2023",202304,"July, 2023","TPCODL, Orissa","Bhubaneswar,Puri, Khordha & Paradeep",,15,0,3683,0,0.004
India,"Financial Year (Apr - Mar), 2023",202304,"July, 2023","TSNPDCL, Tng","Adilabad,Hanamkonda,Kamareddy,Karimnagar,Khammam,Mahabubabad, Nirmal,Nazimabad, Pdeapally,Warangal",,33,0,10691,0,0.011
India,"Financial Year (Apr - Mar), 2023",202304,"July, 2023","TSSPDCL, Tng",Hyderabad,,91,9,69000,254000,0.323
India,"Financial Year (Apr - Mar), 2023",202304,"July, 2023","Tata Power-DDL,Delhi",New Delhi,,639,2,2710000,1630000,4.34
India,"Financial Year (Apr - Mar), 2023",202304,"July, 2023","Torrent Power,Guj",Ahemdabad,,22,6,11138,1745105,1.756
India,"Financial Year (Apr - Mar), 2023",202304,"July, 2023","UGVCL, Guj","Hebatpur,Bavla(Ramnagar),Fedra,Dholasan,Asal, Modasa,Majadar,Nugar,Rangpur",,27,0,14804,0,0.015
India,"Financial Year (Apr - Mar), 2023",202304,"July, 2023","UHBVN,Haryana","Panchkula,Karnal,Kaithal,Sonipat,Ambala,Kurukshetra",,14,0,12912,0,0.013
India,"Financial Year (Apr - Mar), 2023",202304,"July, 2023",UT Chandigarh,Chandigarh,,18,6,39676,538664,0.578
India,"Financial Year (Apr - Mar), 2023",202303,"June, 2023","AVVNL, Raj",Ajmer,,27,0,18102,0,0.018
India,"Financial Year (Apr - Mar), 2023",202303,"June, 2023","APSPDCL, AP","Anantpur,Kadapa,Kurnool,Nellore,Tirupati",,28,8,10731,727348,0.738
India,"Financial Year (Apr - Mar), 2023",202303,"June, 2023","APEPDCL, AP","Visakhapatnam,Rajmahendravaram,West Godavari,Srikakulam,Vizianagaram Etc",,68,0,26034,0,0.026
India,"Financial Year (Apr - Mar), 2023",202303,"June, 2023","APDCL, Assam","Badarpur,Karimganj,Kokrajhar,Nagaon,Silchar,Guwahati,Tezpur",,94,6,192949,18346,0.211
India,"Financial Year (Apr - Mar), 2023",202303,"June, 2023","MESCOM, Kar","Mangaluru, Udupi,Shivamogga,Chikkamagaluru",,67,2,16744,183930,0.201
India,"Financial Year (Apr - Mar), 2023",202303,"June, 2023","PGVCL, Guj","Rajkot, Surendranagar,Junagadh, Jamnagar,Morbi, Botad",,25,3,21544,508455,0.53
India,"Financial Year (Apr - Mar), 2023",202303,"June, 2023","SBPDCL, Bihar",Patna,,152,2,68274,233001,0.301
India,"Financial Year (Apr - Mar), 2023",202303,"June, 2023","TANGEDCO,TN","Coimbatore,Villupuram,Tirunelveli,Chennai North, Vellore",Information not provided,,,,,0
India,"Financial Year (Apr - Mar), 2023",202303,"June, 2023","TPCODL, Orissa","Bhubaneswar,Puri, Khordha & Paradeep",,15,0,4388,0,0.004
India,"Financial Year (Apr - Mar), 2023",202303,"June, 2023","TSNPDCL, Tng","Adilabad,Hanamkonda,Kamareddy,Karimnagar,Khammam,Mahabubabad, Nirmal,Nazimabad, Pdeapally,Warangal",,32,0,11237,0,0.011
India,"Financial Year (Apr - Mar), 2023",202303,"June, 2023","TSSPDCL, Tng",Hyderabad,,82,9,56000,258000,0.314
India,"Financial Year (Apr - Mar), 2023",202303,"June, 2023","Tata Power-DDL,Delhi",New Delhi,,635,2,2780000,1510000,4.29
India,"Financial Year (Apr - Mar), 2023",202303,"June, 2023","Torrent Power,Guj",Ahemdabad,,19,6,12648,1766123,1.779
India,"Financial Year (Apr - Mar), 2023",202303,"June, 2023","UGVCL, Guj","Hebatpur,Bavla(Ramnagar),Fedra,Dholasan,Asal, Modasa,Majadar,Nugar,Rangpur",,24,0,12917,0,0.013
India,"Financial Year (Apr - Mar), 2023",202303,"June, 2023","UHBVN,Haryana","Panchkula,Karnal,Kaithal,Sonipat,Ambala,Kurukshetra",,12,0,13880,0,0.014
India,"Financial Year (Apr - Mar), 2023",202303,"June, 2023",UT Chandigarh,Chandigarh,,15,6,19546,493006,0.513
India,"Financial Year (Apr - Mar), 2023",202303,"June, 2023","MPMKVVCL, MP","Bhopal City,Gwalior City,Betul, Guna,Harda, Itarsi,Narmadapuram, Bareli,Raisen,Narsinghgarh,Zeerapur,Ashta, Vidisha",Information not provided,,,,,
India,"Financial Year (Apr - Mar), 2023",202303,"June, 2023","MSEDCL, Mah","Navi Mumbai,Pune, Thane,Nagpur",,2782,17,531467,13764283,14.296
India,"Financial Year (Apr - Mar), 2023",202303,"June, 2023","NBPDCL, Bihar",Patna,,167,0,14120,0,0.014
India,"Financial Year (Apr - Mar), 2023",202303,"June, 2023","Noida Power Company Ltd.(NPCL), UP",Greater Noida,,3,0,674,0,0.001
India,"Financial Year (Apr - Mar), 2023",202303,"June, 2023","LPDCL, UT of Ladakh",,Information not provided,,,,,0
India,"Financial Year (Apr - Mar), 2023",202303,"June, 2023","KSEB, Ker","Thiruvananthapuram,Ernakulam,Kozhikode",,265,4,140330,36304,0.177
India,"Financial Year (Apr - Mar), 2023",202303,"June, 2023","JVVNL, Raj","Alwar, Dausa,Jcc, Jpdc",,151,10,378299,77962,0.456
India,"Financial Year (Apr - Mar), 2023",202303,"June, 2023","JDVVNL, Raj",Pali,Information not provided,,,,,0
India,"Financial Year (Apr - Mar), 2023",202303,"June, 2023","HESCOM,  Kar",Hubli,,9,2,6343,224,0.007
India,"Financial Year (Apr - Mar), 2023",202303,"June, 2023","GESCOM,  Kar",Kalaburgi,Information not provided,,,,,0
India,"Financial Year (Apr - Mar), 2023",202303,"June, 2023","DVC, WB","Maithon,Dhanbad","* = Due to non submission of data by some DISCOMs/entities , the total power consumption is provisional and may be updated later.
Information not provided",,,,,0
India,"Financial Year (Apr - Mar), 2023",202303,"June, 2023","DHBVN, Haryana","Faridabad,Gurugram,Hisar,Rewari,Sirsa, Narnaul,Palwal",,58,0,1070260,0,1.07
India,"Financial Year (Apr - Mar), 2023",202303,"June, 2023","DGVCL, Guj","Surat City, Navsari,Vapi-Town, Haldarva,Bharuch East, Kavadiya Colony",,49,12,34844,1481719,1.517
India,"Financial Year (Apr - Mar), 2023",202303,"June, 2023","CESC, WB",Kolkata,,12,11,2580,246438,0.249
India,"Financial Year (Apr - Mar), 2023",202303,"June, 2023","CESC Mysore,Kar","Mysore, Mandya,Hassan, Kodagu",,22,3,25205,170568,0.196
India,"Financial Year (Apr - Mar), 2023",202303,"June, 2023","Brihan Mumbai Electric Supply Company (BEST),Mah",Mumbai (Best),,37,25,175619,1839659,2.015
India,"Financial Year (Apr - Mar), 2023",202303,"June, 2023","BYPL, Delhi",New Delhi,,1124,2,2148845,1001520,3.15
India,"Financial Year (Apr - Mar), 2023",202303,"June, 2023","BRPL, Delhi",New Delhi,,1756,2,4473639,1171098,5.645
India,"Financial Year (Apr - Mar), 2023",202302,"May, 2023","TSSPDCL, Tng",Hyderabad,,79,7,53000,243000,0.296
India,"Financial Year (Apr - Mar), 2023",202302,"May, 2023","Torrent Power,Guj",Ahemdabad,,17,6,10699,1867100,1.878
India,"Financial Year (Apr - Mar), 2023",202302,"May, 2023","UGVCL, Guj","Hebatpur,Bavla(Ramnagar),Fedra,Dholasan,Asal, Modasa,Majadar,Nugar,Rangpur",,21,0,12704,0,0.013
India,"Financial Year (Apr - Mar), 2023",202302,"May, 2023","UHBVN,Haryana","Panchkula,Karnal,Kaithal,Sonipat,Ambala,Kurukshetra",,8,0,12393,0,0.012
India,"Financial Year (Apr - Mar), 2023",202302,"May, 2023",UT Chandigarh,Chandigarh,,15,6,30602,611232,0.642
India,"Financial Year (Apr - Mar), 2023",202302,"May, 2023","APDCL, Assam","Badarpur,Karimganj,Kokrajhar,Nagaon,Silchar,Guwahati,Tezpur",,78,4,131088,17834,0.149
India,"Financial Year (Apr - Mar), 2023",202302,"May, 2023","APEPDCL, AP","Visakhapatnam,Rajmahendravaram,West Godavari,Srikakulam,Vizianagaram Etc",,65,0,19666,0,0.02
India,"Financial Year (Apr - Mar), 2023",202302,"May, 2023","APSPDCL, AP","Anantpur,Kadapa,Kurnool,Nellore,Tirupati",,28,7,9807,613092,0.623
India,"Financial Year (Apr - Mar), 2023",202302,"May, 2023","AVVNL, Raj",Ajmer,,26,0,17285,0,0.017
India,"Financial Year (Apr - Mar), 2023",202302,"May, 2023","BRPL, Delhi",New Delhi,,1709,2,4145784,1008822,5.155
India,"Financial Year (Apr - Mar), 2023",202302,"May, 2023","BYPL, Delhi",New Delhi,,1101,2,1988552,717870,2.706
India,"Financial Year (Apr - Mar), 2023",202302,"May, 2023","Brihan Mumbai Electric Supply Company (BEST),Mah",Mumbai (Best),,30,20,102494,1745558,1.848
India,"Financial Year (Apr - Mar), 2023",202302,"May, 2023","CESC Mysore,Kar","Mysore, Mandya,Hassan, Kodagu",,20,3,6910,222310,0.229
India,"Financial Year (Apr - Mar), 2023",202302,"May, 2023","CESC, WB",Kolkata,,12,11,3938,246234,0.25
India,"Financial Year (Apr - Mar), 2023",202302,"May, 2023","DGVCL, Guj","Surat City, Navsari,Vapi-Town, Haldarva,Bharuch East, Kavadiya Colony",,48,12,27378,1248799,1.276
India,"Financial Year (Apr - Mar), 2023",202302,"May, 2023","DHBVN, Haryana","Faridabad,Gurugram,Hisar,Rewari,Sirsa, Narnaul,Palwal",,55,0,793162,0,0.793
India,"Financial Year (Apr - Mar), 2023",202302,"May, 2023","DVC, WB","Maithon,Dhanbad","* = Due to non submission of data by some DISCOMs/entities , the total power consumption is provisional and may be updated later.
Information not provided",,,,,0
India,"Financial Year (Apr - Mar), 2023",202302,"May, 2023","GESCOM,  Kar",Kalaburgi,Information not provided,,,,,0
India,"Financial Year (Apr - Mar), 2023",202302,"May, 2023","HESCOM,  Kar",Hubli,,8,2,3238,210,0.003
India,"Financial Year (Apr - Mar), 2023",202302,"May, 2023","JDVVNL, Raj",Pali,Information not provided,,,,,0
India,"Financial Year (Apr - Mar), 2023",202302,"May, 2023","JVVNL, Raj","Alwar, Dausa,Jcc, Jpdc",,136,8,309838,90443,0.4
India,"Financial Year (Apr - Mar), 2023",202302,"May, 2023","KSEB, Ker","Thiruvananthapuram,Ernakulam,Kozhikode",,264,4,110296,27540,0.138
India,"Financial Year (Apr - Mar), 2023",202302,"May, 2023","LPDCL, UT of Ladakh",,Information not provided,,,,,0
India,"Financial Year (Apr - Mar), 2023",202302,"May, 2023","MESCOM, Kar","Mangaluru, Udupi,Shivamogga,Chikkamagaluru",,66,1,8653,3930,0.013
India,"Financial Year (Apr - Mar), 2023",202302,"May, 2023","MPMKVVCL, MP","Bhopal City,Gwalior City,Betul, Guna,Harda, Itarsi,Narmadapuram, Bareli,Raisen,Narsinghgarh,Zeerapur,Ashta, Vidisha",Information not provided,,,,,
India,"Financial Year (Apr - Mar), 2022",202212,"March, 2023","AVVNL, Raj",Ajmer,,22,0,7938,0,0.008
India,"Financial Year (Apr - Mar), 2023",202302,"May, 2023","MSEDCL, Mah","Navi Mumbai,Pune, Thane,Nagpur",,2782,17,406452,7139199,7.546
India,"Financial Year (Apr - Mar), 2023",202302,"May, 2023","NBPDCL, Bihar",Patna,,153,0,15605,0,0.016
India,"Financial Year (Apr - Mar), 2023",202302,"May, 2023","Noida Power Company Ltd.(NPCL), UP",Greater Noida,,3,0,198,0,0
India,"Financial Year (Apr - Mar), 2023",202302,"May, 2023","PGVCL, Guj","Rajkot, Surendranagar,Junagadh, Jamnagar,Morbi, Botad",,19,3,17529,490158,0.508
India,"Financial Year (Apr - Mar), 2023",202302,"May, 2023","SBPDCL, Bihar",Patna,,136,2,65876,230952,0.297
India,"Financial Year (Apr - Mar), 2023",202302,"May, 2023","TANGEDCO,TN","Coimbatore,Villupuram,Tirunelveli,Chennai North, Vellore",Information not provided,,,,,0
India,"Financial Year (Apr - Mar), 2023",202302,"May, 2023","TPCODL, Orissa","Bhubaneswar,Puri, Khordha & Paradeep",,15,0,3432,0,0.003
India,"Financial Year (Apr - Mar), 2023",202302,"May, 2023","TSNPDCL, Tng","Adilabad,Hanamkonda,Kamareddy,Karimnagar,Khammam,Mahabubabad, Nirmal,Nazimabad, Pdeapally,Warangal",,32,0,13637,0,0.014
India,"Financial Year (Apr - Mar), 2023",202302,"May, 2023","Tata Power-DDL,Delhi",New Delhi,,628,2,3320000,1290000,4.61
India,"Financial Year (Apr - Mar), 2023",202301,"April, 2023","MPMKVVCL, MP","Bhopal City,Gwalior City,Betul, Guna,Harda, Itarsi,Narmadapuram, Bareli,Raisen,Narsinghgarh,Zeerapur,Ashta, Vidisha",Information not provided,,,,,
India,"Financial Year (Apr - Mar), 2023",202301,"April, 2023","MSEDCL, Mah","Navi Mumbai,Pune, Thane,Nagpur",,2782,15,413578,6361689,6.775
India,"Financial Year (Apr - Mar), 2023",202301,"April, 2023","NBPDCL, Bihar",Patna,,107,0,9338,0,0.009
India,"Financial Year (Apr - Mar), 2023",202301,"April, 2023","Noida Power Company Ltd.(NPCL), UP",Greater Noida,,3,0,117,0,0
India,"Financial Year (Apr - Mar), 2023",202301,"April, 2023","PGVCL, Guj","Rajkot, Surendranagar,Junagadh, Jamnagar,Morbi, Botad",,19,3,14876,441657,0.457
India,"Financial Year (Apr - Mar), 2023",202301,"April, 2023","SBPDCL, Bihar",Patna,,103,2,142024,196093,0.338
India,"Financial Year (Apr - Mar), 2023",202301,"April, 2023","TANGEDCO,TN","Coimbatore,Villupuram,Tirunelveli,Chennai North, Vellore",Information not provided,,,,,0
India,"Financial Year (Apr - Mar), 2023",202301,"April, 2023","TPCODL, Orissa","Bhubaneswar,Puri, Khordha & Paradeep",,15,0,1812,0,0.002
India,"Financial Year (Apr - Mar), 2023",202301,"April, 2023","TSNPDCL, Tng","Adilabad,Hanamkonda,Kamareddy,Karimnagar,Khammam,Mahabubabad, Nirmal,Nazimabad, Pdeapally,Warangal",,32,0,8015,0,0.008
India,"Financial Year (Apr - Mar), 2023",202301,"April, 2023","TSSPDCL, Tng",Hyderabad,,64,6,44000,172000,0.216
India,"Financial Year (Apr - Mar), 2023",202301,"April, 2023","Tata Power-DDL,Delhi",New Delhi,,621,2,3120000,1490000,4.61
India,"Financial Year (Apr - Mar), 2023",202301,"April, 2023","Torrent Power,Guj",Ahemdabad,,14,6,10699,1732732,1.743
India,"Financial Year (Apr - Mar), 2023",202301,"April, 2023","UGVCL, Guj","Hebatpur,Bavla(Ramnagar),Fedra,Dholasan,Asal, Modasa,Majadar,Nugar,Rangpur",,20,0,8187,0,0.008
India,"Financial Year (Apr - Mar), 2023",202301,"April, 2023","UHBVN,Haryana","Panchkula,Karnal,Kaithal,Sonipat,Ambala,Kurukshetra",,8,0,11948,0,0.012
India,"Financial Year (Apr - Mar), 2023",202301,"April, 2023",UT Chandigarh,Chandigarh,,15,6,534,486706,0.487
India,"Financial Year (Apr - Mar), 2023",202301,"April, 2023","APDCL, Assam","Badarpur,Karimganj,Kokrajhar,Nagaon,Silchar,Guwahati,Tezpur",,77,4,131075,17800,0.149
India,"Financial Year (Apr - Mar), 2023",202301,"April, 2023","APEPDCL, AP","Visakhapatnam,Rajmahendravaram,West Godavari,Srikakulam,Vizianagaram Etc",,65,0,24563,0,0.025
India,"Financial Year (Apr - Mar), 2023",202301,"April, 2023","APSPDCL, AP","Anantpur,Kadapa,Kurnool,Nellore,Tirupati",,28,7,9087,609081,0.618
India,"Financial Year (Apr - Mar), 2023",202301,"April, 2023","AVVNL, Raj",Ajmer,,24,0,10674,0,0.011
India,"Financial Year (Apr - Mar), 2023",202301,"April, 2023","BRPL, Delhi",New Delhi,,1666,1,4044558,864960,4.91
India,"Financial Year (Apr - Mar), 2023",202301,"April, 2023","BYPL, Delhi",New Delhi,,1024,2,2214653,823223,3.038
India,"Financial Year (Apr - Mar), 2023",202301,"April, 2023","Brihan Mumbai Electric Supply Company (BEST),Mah",Mumbai (Best),,23,16,52676,1706136,1.759
India,"Financial Year (Apr - Mar), 2023",202301,"April, 2023","CESC Mysore,Kar","Mysore, Mandya,Hassan, Kodagu",,20,3,6665,84995,0.092
India,"Financial Year (Apr - Mar), 2023",202301,"April, 2023","CESC, WB",Kolkata,,12,11,4288,228607,0.233
India,"Financial Year (Apr - Mar), 2023",202301,"April, 2023","DGVCL, Guj","Surat City, Navsari,Vapi-Town, Haldarva,Bharuch East, Kavadiya Colony",,43,11,27102,1270038,1.297
India,"Financial Year (Apr - Mar), 2023",202301,"April, 2023","DHBVN, Haryana","Faridabad,Gurugram,Hisar,Rewari,Sirsa, Narnaul,Palwal",,46,0,611819,0,0.612
India,"Financial Year (Apr - Mar), 2023",202301,"April, 2023","DVC, WB","Maithon,Dhanbad","* = Due to non submission of data by some DISCOMs/entities , the total power consumption is provisional and may be updated later.
Information not provided",,,,,0
India,"Financial Year (Apr - Mar), 2023",202301,"April, 2023","GESCOM,  Kar",Kalaburgi,Information not provided,,,,,0
India,"Financial Year (Apr - Mar), 2023",202301,"April, 2023","HESCOM,  Kar",Hubli,,6,2,2251,132,0.002
India,"Financial Year (Apr - Mar), 2023",202301,"April, 2023","JDVVNL, Raj",Pali,Information not provided,,,,,0
India,"Financial Year (Apr - Mar), 2023",202301,"April, 2023","JVVNL, Raj","Alwar, Dausa,Jcc, Jpdc",,130,7,298987,56387,0.355
India,"Financial Year (Apr - Mar), 2023",202301,"April, 2023","KSEB, Ker","Thiruvananthapuram,Ernakulam,Kozhikode",,258,4,103348,29360,0.133
India,"Financial Year (Apr - Mar), 2023",202301,"April, 2023","LPDCL, UT of Ladakh",,Information not provided,,,,,0
India,"Financial Year (Apr - Mar), 2023",202301,"April, 2023","MESCOM, Kar","Mangaluru, Udupi,Shivamogga,Chikkamagaluru",,64,0,7999,0,0.008
India,"Financial Year (Apr - Mar), 2022",202212,"March, 2023","MSEDCL, Mah","Navi Mumbai,Pune, Thane,Nagpur",,2583,17,100054,6002819,6.103
India,"Financial Year (Apr - Mar), 2022",202212,"March, 2023","APDCL, Assam","Badarpur,Karimganj,Kokrajhar,Nagaon,Silchar,Guwahati,Tezpur",,76,3,111425,13650,0.125
India,"Financial Year (Apr - Mar), 2022",202212,"March, 2023","APEPDCL, AP","Visakhapatnam,Rajmahendravaram,West Godavari,Srikakulam,Vizianagaram Etc",,58,0,11277,0,0.011
India,"Financial Year (Apr - Mar), 2022",202212,"March, 2023","APSPDCL, AP","Anantpur,Kadapa,Kurnool,Nellore,Tirupati",,24,7,5610,272165,0.278
India,"Financial Year (Apr - Mar), 2022",202212,"March, 2023","UHBVN,Haryana","Panchkula, Karnal,Kaithal, Sonipat",,8,0,12168,0,0.012
India,"Financial Year (Apr - Mar), 2022",202212,"March, 2023","UGVCL, Guj","Hebatpur,Bavla(Ramnagar),Fedra,Dholasan,Asal, Modasa,Majadar,Nugar,Rangpur",,19,0,3130,0,0.003
India,"Financial Year (Apr - Mar), 2022",202212,"March, 2023","Torrent Power,Guj",Ahemdabad,,10,6,6349,1648190,1.655
India,"Financial Year (Apr - Mar), 2022",202212,"March, 2023","Tata Power-DDL,Delhi",New Delhi,,621,2,3750000,1180000,4.93
India,"Financial Year (Apr - Mar), 2022",202212,"March, 2023","TSSPDCL, Tng",Hyderabad,,50,6,36000,105000,0.141
India,"Financial Year (Apr - Mar), 2022",202212,"March, 2023","TSNPDCL, Tng","Adilabad,Hanamkonda,Kamareddy,Karimnagar,Khammam,Mahabubabad, Nirmal,Nazimabad, Pdeapally,Warangal",,29,0,5393,0,0.005
India,"Financial Year (Apr - Mar), 2022",202212,"March, 2023","TPCODL, Orissa",Bhubaneswar,Information not provided,,,,,
India,"Financial Year (Apr - Mar), 2022",202212,"March, 2023","TANGEDCO,TN","Coimbatore,Villupuram,Tirunelveli,Chennai North, Vellore",,,,,,
India,"Financial Year (Apr - Mar), 2022",202212,"March, 2023",SBPDCL,Patna,,107,0,15367,0,0.015
India,"Financial Year (Apr - Mar), 2022",202212,"March, 2023","PGVCL, Guj","Rajkot, Surendranagar,Junagadh, Jamnagar,Morbi, Botad",,11,3,16229,386516,0.403
India,"Financial Year (Apr - Mar), 2022",202212,"March, 2023","Noida Power Company Ltd.(NPCL), UP",Greater Noida,,2,0,8874,0,0.009
India,"Financial Year (Apr - Mar), 2022",202212,"March, 2023","NBPDCL, Bihar",Patna,,107,0,15367,0,0.015
India,"Financial Year (Apr - Mar), 2022",202212,"March, 2023","MESCOM, Kar","Mangaluru, Udupi,Shivamogga,Chikkamagaluru",,63,0,4830,0,0.005
India,"Financial Year (Apr - Mar), 2022",202212,"March, 2023","LPDCL, UT of Ladakh",,,2,0,272500,0,0.273
India,"Financial Year (Apr - Mar), 2022",202212,"March, 2023","KSEB, Ker","Thiruvananthapuram,Ernakulam,Kozhikode",,256,4,83727,19984,0.104
India,"Financial Year (Apr - Mar), 2022",202212,"March, 2023","JDVVNL, Raj",Pali,Information not provided,,,,,
India,"Financial Year (Apr - Mar), 2022",202212,"March, 2023","HESCOM,  Kar",,,5,0,3740,0,0.00374
India,"Financial Year (Apr - Mar), 2022",202212,"March, 2023","DVC, WB","Maithon,Dhanbad","* = Due to non submission of data by some DISCOMs/entities , the total power consumption is provisional and may be updated later.
Information not provided",,,,,
India,"Financial Year (Apr - Mar), 2022",202212,"March, 2023","DGVCL, Guj","Surat City, Navsari,Vapi-Town, Haldarva,Bharuch East, Kavadiya Colony",Information not provided,,,,,
India,"Financial Year (Apr - Mar), 2022",202212,"March, 2023","CESC, WB",Kolkata,,12,11,3799,230176,0.234
India,"Financial Year (Apr - Mar), 2022",202212,"March, 2023","CESC Mysore,Kar","Mysore, Mandya,Hassan, Kodagu",,18,0,3330,0,0.003
India,"Financial Year (Apr - Mar), 2022",202212,"March, 2023","Brihan Mumbai Electric Supply Company (BEST),Mah",Mumbai (Best),,18,14,45266,1494560,1.54
India,"Financial Year (Apr - Mar), 2022",202212,"March, 2023","BYPL, Delhi",New Delhi,,1000,2,1597482,676650,2.274
India,"Financial Year (Apr - Mar), 2022",202212,"March, 2023","BRPL, Delhi",New Delhi,,1615,1,3830346,881460,4.712
India,"Financial Year (Apr - Mar), 2022",202211,"February, 2023","TSNPDCL, Tng","Adilabad,Hanamkonda,Kamareddy,Karimnagar,Khammam,Mahabubabad, Nirmal,Nazimabad, Pdeapally,Warangal",,29,0,5507,0,0.006
India,"Financial Year (Apr - Mar), 2022",202211,"February, 2023","UHBVN,Haryana","Panchkula, Karnal,Kaithal, Sonipat",,8,0,6185,0,0.006
India,"Financial Year (Apr - Mar), 2022",202211,"February, 2023","UGVCL, Guj","Hebatpur,Bavla(Ramnagar),Fedra,Dholasan,Asal, Modasa,Majadar,Nugar,Rangpur",,14,0,3717,0,0.004
India,"Financial Year (Apr - Mar), 2022",202211,"February, 2023","Torrent Power,Guj",Ahemdabad,,10,6,6058,1442287,1.448
India,"Financial Year (Apr - Mar), 2022",202211,"February, 2023","Tata Power-DDL,Delhi",New Delhi,,606,2,3780000,1110000,4.89
India,"Financial Year (Apr - Mar), 2022",202211,"February, 2023","TSSPDCL, Tng",Hyderabad,,42,6,30000,74000,0.104
India,"Financial Year (Apr - Mar), 2022",202211,"February, 2023","APDCL, Assam","Badarpur,Karimganj,Kokrajhar,Nagaon,Silchar,Guwahati,Tezpur",,75,3,105681,27320,0.133
India,"Financial Year (Apr - Mar), 2022",202211,"February, 2023","APEPDCL, AP","Visakhapatnam,Rajmahendravaram,West Godavari,Srikakulam,Vizianagaram Etc",,57,0,9947,0,0.01
India,"Financial Year (Apr - Mar), 2022",202211,"February, 2023","APSPDCL, AP","Anantpur,Kadapa,Kurnool,Nellore,Tirupati",,24,7,4306,169238,0.174
India,"Financial Year (Apr - Mar), 2022",202211,"February, 2023","AVVNL, Raj",Ajmer,,22,0,8699,0,0.009
India,"Financial Year (Apr - Mar), 2022",202211,"February, 2023","BRPL, Delhi",New Delhi,,1582,1,3754031,940140,4.694
India,"Financial Year (Apr - Mar), 2022",202211,"February, 2023","BYPL, Delhi",New Delhi,,997,2,1949546,619860,2.569
India,"Financial Year (Apr - Mar), 2022",202211,"February, 2023","Brihan Mumbai Electric Supply Company (BEST),Mah",Mumbai (Best),,18,10,43144,1552737,1.596
India,"Financial Year (Apr - Mar), 2022",202211,"February, 2023","CESC Mysore,Kar","Mysore, Mandya,Hassan, Kodagu",,18,0,3002,0,0.003
India,"Financial Year (Apr - Mar), 2022",202211,"February, 2023","CESC, WB",Kolkata,,5,11,310,202403,0.203
India,"Financial Year (Apr - Mar), 2022",202211,"February, 2023","DGVCL, Guj","Surat City, Navsari,Vapi-Town, Haldarva,Bharuch East, Kavadiya Colony",Information not provided,,,,,
India,"Financial Year (Apr - Mar), 2022",202211,"February, 2023","DVC, WB","Maithon,Dhanbad","* = Due to non submission of data by some DISCOMs/entities , the total power consumption is provisional and may be updated later.
Information not provided",,,,,
India,"Financial Year (Apr - Mar), 2022",202211,"February, 2023","HESCOM,  Kar",,,4,0,2713,0,0.00271
India,"Financial Year (Apr - Mar), 2022",202211,"February, 2023","JDVVNL, Raj",Pali,Information not provided,,,,,
India,"Financial Year (Apr - Mar), 2022",202211,"February, 2023","KSEB, Ker","Thiruvananthapuram,Ernakulam,Kozhikode",,121,4,60911,20002,0.081
India,"Financial Year (Apr - Mar), 2022",202211,"February, 2023","LPDCL, UT of Ladakh",,,,,,,
India,"Financial Year (Apr - Mar), 2022",202211,"February, 2023","MESCOM, Kar","Mangaluru, Udupi,Shivamogga,Chikkamagaluru",,63,0,7579,0,0.008
India,"Financial Year (Apr - Mar), 2022",202211,"February, 2023","MSEDCL, Mah","Navi Mumbai,Pune, Thane,Nagpur",,2583,17,270048,5562424,5.832
India,"Financial Year (Apr - Mar), 2022",202211,"February, 2023","NBPDCL, Bihar",Patna,,105,0,25989,0,0.026
India,"Financial Year (Apr - Mar), 2022",202211,"February, 2023","Noida Power Company Ltd.(NPCL), UP",Greater Noida,,1,0,177,0,0
India,"Financial Year (Apr - Mar), 2022",202211,"February, 2023","PGVCL, Guj","Rajkot, Surendranagar,Junagadh, Jamnagar,Morbi, Botad",,11,3,14522,373544,0.388
India,"Financial Year (Apr - Mar), 2022",202211,"February, 2023",SBPDCL,Patna,,105,0,25989,0,0.026
India,"Financial Year (Apr - Mar), 2022",202211,"February, 2023","TANGEDCO,TN","Coimbatore,Villupuram,Tirunelveli,Chennai North, Vellore",,,,,,
India,"Financial Year (Apr - Mar), 2022",202211,"February, 2023","TPCODL, Orissa",Bhubaneswar,Information not provided,,,,,
India,"Financial Year (Apr - Mar), 2022",202210,"January, 2023","DGVCL, Guj","Surat City, Navsari,Vapi-Town, Haldarva,Bharuch East, Kavadiya Colony",Information not provided,,,,,
India,"Financial Year (Apr - Mar), 2022",202210,"January, 2023","APDCL, Assam","Badarpur,Karimganj,Kokrajhar,Nagaon,Silchar,Guwahati,Tezpur",,53,3,94498,27821,0.122
India,"Financial Year (Apr - Mar), 2022",202210,"January, 2023","APEPDCL, AP","Visakhapatnam,Rajmahendravaram,West Godavari,Srikakulam,Vizianagaram Etc",,53,0,11906,0,0.012
India,"Financial Year (Apr - Mar), 2022",202210,"January, 2023","APSPDCL, AP","Anantpur,Kadapa,Kurnool,Nellore,Tirupati",,23,7,4681,169239,0.174
India,"Financial Year (Apr - Mar), 2022",202210,"January, 2023","AVVNL, Raj",Ajmer,,22,0,7212,0,0.007
India,"Financial Year (Apr - Mar), 2022",202210,"January, 2023","BRPL, Delhi",New Delhi,,1553,1,3679434,841800,4.521
India,"Financial Year (Apr - Mar), 2022",202210,"January, 2023","BYPL, Delhi",New Delhi,,994,2,1761898,613200,2.375
India,"Financial Year (Apr - Mar), 2022",202210,"January, 2023","Brihan Mumbai Electric Supply Company (BEST),Mah",Mumbai (Best),,17,10,37699,1656478,1.694
India,"Financial Year (Apr - Mar), 2022",202210,"January, 2023","CESC Mysore,Kar","Mysore, Mandya,Hassan, Kodagu",,18,0,4013,0,0.004
India,"Financial Year (Apr - Mar), 2022",202210,"January, 2023","CESC, WB",Kolkata,,5,11,320,207064,0.207
India,"Financial Year (Apr - Mar), 2022",202210,"January, 2023","DVC, WB","Maithon,Dhanbad","* = Due to non submission of data by some DISCOMs/entities , the total power consumption is provisional and may be updated later.
Information not provided",,,,,
India,"Financial Year (Apr - Mar), 2022",202210,"January, 2023","HESCOM,  Kar",,,3,0,269,0,0.00027
India,"Financial Year (Apr - Mar), 2022",202210,"January, 2023","JDVVNL, Raj",Pali,Information not provided,,,,,
India,"Financial Year (Apr - Mar), 2022",202210,"January, 2023","KSEB, Ker","Thiruvananthapuram,Ernakulam,Kozhikode",,121,4,51729,28555,0.08
India,"Financial Year (Apr - Mar), 2022",202210,"January, 2023","LPDCL, UT of Ladakh",,,,,,,
India,"Financial Year (Apr - Mar), 2022",202210,"January, 2023","MESCOM, Kar","Mangaluru, Udupi,Shivamogga,Chikkamagaluru",,63,0,5037,0,0.005
India,"Financial Year (Apr - Mar), 2022",202210,"January, 2023","MSEDCL, Mah","Navi Mumbai,Pune, Thane,Nagpur",,2583,13,179586,5219094,5.399
India,"Financial Year (Apr - Mar), 2022",202210,"January, 2023","NBPDCL, Bihar",Patna,,78,0,6000,0,0.006
India,"Financial Year (Apr - Mar), 2022",202210,"January, 2023","Noida Power Company Ltd.(NPCL), UP",Greater Noida,,1,0,532,0,0.001
India,"Financial Year (Apr - Mar), 2022",202210,"January, 2023","PGVCL, Guj","Rajkot, Surendranagar,Junagadh, Jamnagar,Morbi, Botad",,11,3,13187,310184,0.323
India,"Financial Year (Apr - Mar), 2022",202210,"January, 2023",SBPDCL,Patna,,78,0,6000,0,0.006
India,"Financial Year (Apr - Mar), 2022",202210,"January, 2023","TANGEDCO,TN","Coimbatore,Villupuram,Tirunelveli,Chennai North, Vellore",,,,,,
India,"Financial Year (Apr - Mar), 2022",202210,"January, 2023","TPCODL, Orissa",Bhubaneswar,Information not provided,,,,,
India,"Financial Year (Apr - Mar), 2022",202210,"January, 2023","TSNPDCL, Tng","Adilabad,Hanamkonda,Kamareddy,Karimnagar,Khammam,Mahabubabad, Nirmal,Nazimabad, Pdeapally,Warangal",,25,0,4140,0,0.004
India,"Financial Year (Apr - Mar), 2022",202210,"January, 2023","TSSPDCL, Tng",Hyderabad,,39,6,34000,54000,0.088
India,"Financial Year (Apr - Mar), 2022",202210,"January, 2023","Tata Power-DDL,Delhi",New Delhi,,595,2,2950000,970000,3.92
India,"Financial Year (Apr - Mar), 2022",202210,"January, 2023","Torrent Power,Guj",Ahemdabad,,10,6,4612,1452970,1.458
India,"Financial Year (Apr - Mar), 2022",202210,"January, 2023","UGVCL, Guj","Hebatpur,Bavla(Ramnagar),Fedra,Dholasan,Asal, Modasa,Majadar,Nugar,Rangpur",,12,0,2767,0,0.003
India,"Financial Year (Apr - Mar), 2022",202210,"January, 2023","UHBVN,Haryana","Panchkula, Karnal,Kaithal, Sonipat",,8,0,14162,0,0.014
India,"Financial Year (Apr - Mar), 2022",202209,"December, 2022","DVC, WB","Maithon,Dhanbad","* = Due to non submission of data by some DISCOMs/entities , the total power consumption is provisional and may be updated later.
Information not provided",,,,,
India,"Financial Year (Apr - Mar), 2022",202209,"December, 2022","DGVCL, Guj","Surat City, Navsari,Vapi-Town, Haldarva,Bharuch East, Kavadiya Colony",Information not provided,,,,,
India,"Financial Year (Apr - Mar), 2022",202209,"December, 2022","CESC, WB",Kolkata,,5,11,300,216031,0.216
India,"Financial Year (Apr - Mar), 2022",202209,"December, 2022","CESC Mysore,Kar","Mysore, Mandya,Hassan, Kodagu",,17,0,1172,0,0.001
India,"Financial Year (Apr - Mar), 2022",202209,"December, 2022","Brihan Mumbai Electric Supply Company (BEST),Mah",Mumbai (Best),,14,10,33360,1510237,1.544
India,"Financial Year (Apr - Mar), 2022",202209,"December, 2022","BYPL, Delhi",New Delhi,,991,2,2059982,498330,2.558
India,"Financial Year (Apr - Mar), 2022",202209,"December, 2022","AVVNL, Raj",Ajmer,from Oct 22 ,16,0,28843,0,0.029
India,"Financial Year (Apr - Mar), 2022",202209,"December, 2022","APSPDCL, AP","Anantpur,Kadapa,Kurnool,Nellore,Tirupati",,23,7,3374,100200,0.104
India,"Financial Year (Apr - Mar), 2022",202209,"December, 2022","APEPDCL, AP","Visakhapatnam,Rajmahendravaram,West Godavari,Srikakulam,Vizianagaram Etc",,50,0,10522,0,0.011
India,"Financial Year (Apr - Mar), 2022",202209,"December, 2022","APDCL, Assam","Badarpur,Karimganj,Kokrajhar,Nagaon,Silchar,Guwahati,Tezpur",,44,3,92583,26569,0.119
India,"Financial Year (Apr - Mar), 2022",202209,"December, 2022","BRPL, Delhi",New Delhi,,1505,1,3624266,673740,4.298
India,"Financial Year (Apr - Mar), 2022",202209,"December, 2022","TSSPDCL, Tng",Hyderabad,,36,5,30221,21393,0.052
India,"Financial Year (Apr - Mar), 2022",202209,"December, 2022","Tata Power-DDL,Delhi",New Delhi,,590,2,2810000,930000,3.74
India,"Financial Year (Apr - Mar), 2022",202209,"December, 2022","Torrent Power,Guj",Ahemdabad,,10,6,6544,1505784,1.512
India,"Financial Year (Apr - Mar), 2022",202209,"December, 2022","UGVCL, Guj","Hebatpur,Bavla(Ramnagar),Fedra,Dholasan,Asal, Modasa,Majadar,Nugar,Rangpur",,10,0,2036,0,0.002
India,"Financial Year (Apr - Mar), 2022",202209,"December, 2022","UHBVN,Haryana","Panchkula, Karnal,Kaithal, Sonipat",,8,0,12014,0,0.012
India,"Financial Year (Apr - Mar), 2022",202209,"December, 2022","TSNPDCL, Tng","Adilabad,Hanamkonda,Kamareddy,Karimnagar,Khammam,Mahabubabad, Nirmal,Nazimabad, Pdeapally,Warangal",,20,0,3329,0,0.003
India,"Financial Year (Apr - Mar), 2022",202209,"December, 2022","TPCODL, Orissa",Bhubaneswar,Information not provided,,,,,
India,"Financial Year (Apr - Mar), 2022",202209,"December, 2022","TANGEDCO,TN","Coimbatore,Villupuram,Tirunelveli,Chennai North, Vellore",,,,,,
India,"Financial Year (Apr - Mar), 2022",202209,"December, 2022",SBPDCL,Patna,,43,0,2042,0,0.002
India,"Financial Year (Apr - Mar), 2022",202209,"December, 2022","PGVCL, Guj","Rajkot, Surendranagar,Junagadh, Jamnagar,Morbi, Botad",,11,3,20125,267965,0.288
India,"Financial Year (Apr - Mar), 2022",202209,"December, 2022","Noida Power Company Ltd.(NPCL), UP",Greater Noida,,1,0,1643,0,0.002
India,"Financial Year (Apr - Mar), 2022",202209,"December, 2022","NBPDCL, Bihar",Patna,,43,0,2042,0,0.002
India,"Financial Year (Apr - Mar), 2022",202209,"December, 2022","MSEDCL, Mah","Navi Mumbai,Pune, Thane,Nagpur",,2583,13,173818,6071647,6.245
India,"Financial Year (Apr - Mar), 2022",202209,"December, 2022","MESCOM, Kar","Mangaluru, Udupi,Shivamogga,Chikkamagaluru",,63,0,3922,0,0.004
India,"Financial Year (Apr - Mar), 2022",202209,"December, 2022","LPDCL, UT of Ladakh",,,,,,,
India,"Financial Year (Apr - Mar), 2022",202209,"December, 2022","KSEB, Ker","Thiruvananthapuram,Ernakulam,Kozhikode",,117,4,42403,41428,0.084
India,"Financial Year (Apr - Mar), 2022",202209,"December, 2022","JDVVNL, Raj",Pali,Information not provided,,,,,
India,"Financial Year (Apr - Mar), 2022",202209,"December, 2022","HESCOM,  Kar",,,2,0,2492,0,0.00249
India,"Financial Year (Apr - Mar), 2022",202208,"November, 2022","Noida Power Company Ltd.(NPCL), UP",Greater Noida,,1,0,1525,0,0.002
India,"Financial Year (Apr - Mar), 2022",202208,"November, 2022","APDCL, Assam","Badarpur,Karimganj,Kokrajhar,Nagaon,Silchar,Guwahati,Tezpur",,30,3,41245,26869,0.068
India,"Financial Year (Apr - Mar), 2022",202208,"November, 2022","BRPL, Delhi",New Delhi,,1475,1,2994280,826320,3.821
India,"Financial Year (Apr - Mar), 2022",202208,"November, 2022","AVVNL, Raj",Ajmer,,,,,,
India,"Financial Year (Apr - Mar), 2022",202208,"November, 2022","APSPDCL, AP","Anantpur,Kadapa,Kurnool,Nellore,Tirupati",,19,7,4010,81752,0.086
India,"Financial Year (Apr - Mar), 2022",202208,"November, 2022","APEPDCL, AP","Visakhapatnam,Rajmahendravaram,West Godavari,Srikakulam,Vizianagaram Etc",,45,0,6267,0,0.006
India,"Financial Year (Apr - Mar), 2022",202208,"November, 2022","PGVCL, Guj","Rajkot, Surendranagar,Junagadh, Jamnagar,Morbi, Botad",,8,3,17370,238780,0.256
India,"Financial Year (Apr - Mar), 2022",202208,"November, 2022",SBPDCL,Patna,,20,0,1631,0,0.002
India,"Financial Year (Apr - Mar), 2022",202208,"November, 2022","TANGEDCO,TN","Coimbatore,Villupuram,Tirunelveli,Chennai North, Vellore",,35,0,58497,0,0.058
India,"Financial Year (Apr - Mar), 2022",202208,"November, 2022","TPCODL, Orissa",Bhubaneswar,,4,0,367,0,0
India,"Financial Year (Apr - Mar), 2022",202208,"November, 2022","BYPL, Delhi",New Delhi,,987,2,2166170,580410,2.747
India,"Financial Year (Apr - Mar), 2022",202208,"November, 2022","Brihan Mumbai Electric Supply Company (BEST),Mah",Mumbai (Best),,12,10,34366,1533814,1.568
India,"Financial Year (Apr - Mar), 2022",202208,"November, 2022","CESC Mysore,Kar","Mysore, Mandya,Hassan, Kodagu",,17,0,1201,0,0.001
India,"Financial Year (Apr - Mar), 2022",202208,"November, 2022","CESC, WB",Kolkata,,5,11,290,240190,0.24
India,"Financial Year (Apr - Mar), 2022",202208,"November, 2022","DGVCL, Guj","Surat City, Navsari,Vapi-Town, Haldarva,Bharuch East, Kavadiya Colony",,21,2,23128,663690,0.687
India,"Financial Year (Apr - Mar), 2022",202208,"November, 2022","TSNPDCL, Tng","Adilabad,Hanamkonda,Kamareddy,Karimnagar,Khammam,Mahabubabad, Nirmal,Nazimabad, Pdeapally,Warangal",,18,0,1611,0,0.002
India,"Financial Year (Apr - Mar), 2022",202208,"November, 2022","TSSPDCL, Tng",Hyderabad,,33,5,27339,13289,0.041
India,"Financial Year (Apr - Mar), 2022",202208,"November, 2022","Tata Power-DDL,Delhi",New Delhi,,584,2,2680000,880000,3.56
India,"Financial Year (Apr - Mar), 2022",202208,"November, 2022","Torrent Power,Guj",Ahemdabad,,9,6,7638,1555130,1.563
India,"Financial Year (Apr - Mar), 2022",202208,"November, 2022","UGVCL, Guj","Hebatpur,Bavla(Ramnagar),Fedra,Dholasan,Asal, Modasa,Majadar,Nugar,Rangpur",,9,0,2982,0,0.003
India,"Financial Year (Apr - Mar), 2022",202208,"November, 2022","UHBVN,Haryana","Panchkula, Karnal,Kaithal, Sonipat",,8,0,10384,0,0.01
India,"Financial Year (Apr - Mar), 2022",202208,"November, 2022","HESCOM,  Kar",,,1,0,274,0,0.00027
India,"Financial Year (Apr - Mar), 2022",202208,"November, 2022","JDVVNL, Raj",Pali,,1,0,1000,0,0.001
India,"Financial Year (Apr - Mar), 2022",202208,"November, 2022","KSEB, Ker","Thiruvananthapuram,Ernakulam,Kozhikode",,43,3,47479,31960,0.079
India,"Financial Year (Apr - Mar), 2022",202208,"November, 2022","LPDCL, UT of Ladakh",,,,,,,
India,"Financial Year (Apr - Mar), 2022",202208,"November, 2022","MESCOM, Kar","Mangaluru, Udupi,Shivamogga,Chikkamagaluru",,63,0,4297,0,0.004
India,"Financial Year (Apr - Mar), 2022",202208,"November, 2022","MSEDCL, Mah","Navi Mumbai,Pune, Thane,Nagpur",,2316,11,57598,2559687,2.617
India,"Financial Year (Apr - Mar), 2022",202208,"November, 2022","DVC, WB","Maithon,Dhanbad","* = Due to non submission of data by some DISCOMs/entities , the total power consumption is provisional and may be updated later.",1,0,0,0,0
India,"Financial Year (Apr - Mar), 2022",202208,"November, 2022","NBPDCL, Bihar",Patna,,20,0,1631,0,0.002
India,"Financial Year (Apr - Mar), 2022",202207,"October, 2022","DGVCL, Guj","Surat City, Navsari,Vapi-Town, Haldarva,Bharuch East, Kavadiya Colony",,18,1,16939,627860,0.645
India,"Financial Year (Apr - Mar), 2022",202207,"October, 2022","DVC, WB","Maithon,Dhanbad","* = Due to non submission of data by some DISCOMs/entities , the total power consumption is provisional and may be updated later.",1,0,0,0,0
India,"Financial Year (Apr - Mar), 2022",202207,"October, 2022","HESCOM,  Kar",,,1,0,16,0,0.00002
India,"Financial Year (Apr - Mar), 2022",202207,"October, 2022","JDVVNL, Raj",Pali,,,,,,
India,"Financial Year (Apr - Mar), 2022",202204,"July, 2022","HESCOM,  Kar",,Information not provided,,,,,
India,"Financial Year (Apr - Mar), 2022",202207,"October, 2022","KSEB, Ker","Thiruvananthapuram,Ernakulam,Kozhikode",,41,3,40968,30560,0.072
India,"Financial Year (Apr - Mar), 2022",202207,"October, 2022","LPDCL, UT of Ladakh",,,,,,,
India,"Financial Year (Apr - Mar), 2022",202207,"October, 2022","MESCOM, Kar","Mangaluru, Udupi,Shivamogga,Chikkamagaluru",,63,0,5058,0,0.005
India,"Financial Year (Apr - Mar), 2022",202207,"October, 2022","MSEDCL, Mah","Navi Mumbai,Pune, Thane,Nagpur",,2316,11,125319,5192364,5.318
India,"Financial Year (Apr - Mar), 2022",202207,"October, 2022","NBPDCL, Bihar",Patna,,8,0,160,0,0
India,"Financial Year (Apr - Mar), 2022",202207,"October, 2022","Noida Power Company Ltd.(NPCL), UP",Greater Noida,,1,0,1417,0,0.001
India,"Financial Year (Apr - Mar), 2022",202207,"October, 2022","PGVCL, Guj","Rajkot, Surendranagar,Junagadh, Jamnagar,Morbi, Botad",,7,3,16857,202740,0.22
India,"Financial Year (Apr - Mar), 2022",202207,"October, 2022",SBPDCL,Patna,,8,0,160,0,0
India,"Financial Year (Apr - Mar), 2022",202207,"October, 2022","TANGEDCO,TN","Coimbatore,Villupuram,Tirunelveli,Chennai North, Vellore",,35,0,41485,0,0.041
India,"Financial Year (Apr - Mar), 2022",202207,"October, 2022","TPCODL, Orissa",Bhubaneswar,,3,0,36,0,0
India,"Financial Year (Apr - Mar), 2022",202207,"October, 2022","TSNPDCL, Tng","Adilabad,Hanamkonda,Kamareddy,Karimnagar,Khammam,Mahabubabad, Nirmal,Nazimabad, Pdeapally,Warangal",,13,0,620,0,0.001
India,"Financial Year (Apr - Mar), 2022",202207,"October, 2022","TSSPDCL, Tng",Hyderabad,,28,3,19325,6000,0.025
India,"Financial Year (Apr - Mar), 2022",202207,"October, 2022","Tata Power-DDL,Delhi",New Delhi,,552,2,2560000,890000,3.45
India,"Financial Year (Apr - Mar), 2022",202207,"October, 2022","Torrent Power,Guj",Ahemdabad,,9,6,11612,1506831,1.518
India,"Financial Year (Apr - Mar), 2022",202207,"October, 2022","UGVCL, Guj","Hebatpur,Bavla(Ramnagar),Fedra,Dholasan,Asal, Modasa,Majadar,Nugar,Rangpur",,9,0,7012,0,0.007
India,"Financial Year (Apr - Mar), 2022",202207,"October, 2022","UHBVN,Haryana","Panchkula, Karnal,Kaithal, Sonipat",,8,0,4251,0,0.004
India,"Financial Year (Apr - Mar), 2022",202207,"October, 2022","APDCL, Assam","Badarpur,Karimganj,Kokrajhar,Nagaon,Silchar,Guwahati,Tezpur",,25,2,36632,23912,0.061
India,"Financial Year (Apr - Mar), 2022",202207,"October, 2022","APEPDCL, AP","Visakhapatnam,Rajmahendravaram,West Godavari,Srikakulam,Vizianagaram Etc",,38,0,5379,0,0.005
India,"Financial Year (Apr - Mar), 2022",202207,"October, 2022","APSPDCL, AP","Anantpur,Kadapa,Kurnool,Nellore,Tirupati",,11,7,2089,40234,0.042
India,"Financial Year (Apr - Mar), 2022",202207,"October, 2022","AVVNL, Raj",Ajmer,,,,,,
India,"Financial Year (Apr - Mar), 2022",202207,"October, 2022","BRPL, Delhi",New Delhi,,1410,1,3124731,1197840,4.323
India,"Financial Year (Apr - Mar), 2022",202207,"October, 2022","BYPL, Delhi",New Delhi,,984,2,1693404,638670,2.332
India,"Financial Year (Apr - Mar), 2022",202207,"October, 2022","Brihan Mumbai Electric Supply Company (BEST),Mah",Mumbai (Best),,11,10,31392,1415921,1.447
India,"Financial Year (Apr - Mar), 2022",202207,"October, 2022","CESC Mysore,Kar","Mysore, Mandya,Hassan, Kodagu",,11,0,960,0,0.001
India,"Financial Year (Apr - Mar), 2022",202207,"October, 2022","CESC, WB",Kolkata,,5,11,320,257298,0.258
India,"Financial Year (Apr - Mar), 2022",202206,"September, 2022","TSNPDCL, Tng","Adilabad,Hanamkonda,Kamareddy,Karimnagar,Khammam,Mahabubabad, Nirmal,Nazimabad, Pdeapally,Warangal",,9,0,583,0,0.001
India,"Financial Year (Apr - Mar), 2022",202206,"September, 2022","BYPL, Delhi",New Delhi,,984,2,1693118,628800,2.322
India,"Financial Year (Apr - Mar), 2022",202206,"September, 2022","Brihan Mumbai Electric Supply Company (BEST),Mah",Mumbai (Best),,11,10,29346,1486230,1.516
India,"Financial Year (Apr - Mar), 2022",202206,"September, 2022","CESC Mysore,Kar","Mysore, Mandya,Hassan, Kodagu",,9,0,847,0,0.001
India,"Financial Year (Apr - Mar), 2022",202206,"September, 2022","CESC, WB",Kolkata,,5,11,306,255214,0.256
India,"Financial Year (Apr - Mar), 2022",202206,"September, 2022","DGVCL, Guj","Surat City, Navsari,Vapi-Town, Haldarva,Bharuch East, Kavadiya Colony",,7,1,17941,580940,0.599
India,"Financial Year (Apr - Mar), 2022",202206,"September, 2022","DVC, WB","Maithon,Dhanbad","* = Due to non submission of data by some DISCOMs/entities , the total power consumption is provisional and may be updated later.",1,0,0,0,0
India,"Financial Year (Apr - Mar), 2022",202206,"September, 2022","HESCOM,  Kar",,Information not provided,,,,,
India,"Financial Year (Apr - Mar), 2022",202206,"September, 2022","JDVVNL, Raj",Pali,,,,,,
India,"Financial Year (Apr - Mar), 2022",202206,"September, 2022","KSEB, Ker","Thiruvananthapuram,Ernakulam,Kozhikode",,37,3,32821,31120,0.064
India,"Financial Year (Apr - Mar), 2022",202206,"September, 2022","LPDCL, UT of Ladakh",,,,,,,
India,"Financial Year (Apr - Mar), 2022",202206,"September, 2022","MESCOM, Kar","Mangaluru, Udupi,Shivamogga,Chikkamagaluru",,63,0,4072,0,0.004
India,"Financial Year (Apr - Mar), 2022",202206,"September, 2022","MSEDCL, Mah","Navi Mumbai,Pune, Thane,Nagpur",,2316,11,49118,4512882,4.562
India,"Financial Year (Apr - Mar), 2022",202206,"September, 2022","NBPDCL, Bihar",Patna,,,,,,
India,"Financial Year (Apr - Mar), 2022",202206,"September, 2022","Noida Power Company Ltd.(NPCL), UP",Greater Noida,,1,0,1111,0,0.001
India,"Financial Year (Apr - Mar), 2022",202206,"September, 2022","APDCL, Assam","Badarpur,Karimganj,Kokrajhar,Nagaon,Silchar,Guwahati,Tezpur",,18,2,37095,24540,0.062
India,"Financial Year (Apr - Mar), 2022",202206,"September, 2022","APEPDCL, AP","Visakhapatnam,Rajmahendravaram,West Godavari,Srikakulam,Vizianagaram Etc",,38,0,5463,0,0.005
India,"Financial Year (Apr - Mar), 2022",202206,"September, 2022","APSPDCL, AP","Anantpur,Kadapa,Kurnool,Nellore,Tirupati",,11,5,1588,12948,0.015
India,"Financial Year (Apr - Mar), 2022",202206,"September, 2022","AVVNL, Raj",Ajmer,from April 22,7,0,18614,0,0.019
India,"Financial Year (Apr - Mar), 2022",202206,"September, 2022","BRPL, Delhi",New Delhi,,1373,1,3065403,881220,3.947
India,"Financial Year (Apr - Mar), 2022",202206,"September, 2022","PGVCL, Guj","Rajkot, Surendranagar,Junagadh, Jamnagar,Morbi, Botad",,7,1,8321,153400,0.162
India,"Financial Year (Apr - Mar), 2022",202206,"September, 2022","UHBVN,Haryana","Panchkula, Karnal,Kaithal, Sonipat",,8,0,12529,0,0.013
India,"Financial Year (Apr - Mar), 2022",202206,"September, 2022",SBPDCL,Patna,,,,,,
India,"Financial Year (Apr - Mar), 2022",202206,"September, 2022","TANGEDCO,TN","Coimbatore,Villupuram,Tirunelveli,Chennai North, Vellore",,35,0,60540,0,0.061
India,"Financial Year (Apr - Mar), 2022",202206,"September, 2022","TPCODL, Orissa",Bhubaneswar,,3,0,84,0,0
India,"Financial Year (Apr - Mar), 2022",202206,"September, 2022","TSSPDCL, Tng",Hyderabad,,27,3,16739,2630,0.019
India,"Financial Year (Apr - Mar), 2022",202206,"September, 2022","Tata Power-DDL,Delhi",New Delhi,,546,2,2480000,1150000,3.63
India,"Financial Year (Apr - Mar), 2022",202206,"September, 2022","Torrent Power,Guj",Ahemdabad,,9,5,12077,1631764,1.644
India,"Financial Year (Apr - Mar), 2022",202206,"September, 2022","UGVCL, Guj","Hebatpur,Bavla(Ramnagar),Fedra,Dholasan,Asal, Modasa,Majadar,Nugar,Rangpur",,8,0,879,0,0.001
India,"Financial Year (Apr - Mar), 2022",202205,"August, 2022","Tata Power-DDL,Delhi",New Delhi,,543,2,2410000,1060000,3.47
India,"Financial Year (Apr - Mar), 2022",202205,"August, 2022","APDCL, Assam","Badarpur,Karimganj,Kokrajhar,Nagaon,Silchar,Guwahati,Tezpur",,14,2,26156,24522,0.051
India,"Financial Year (Apr - Mar), 2022",202205,"August, 2022","APEPDCL, AP","Visakhapatnam,Rajmahendravaram,West Godavari,Srikakulam,Vizianagaram Etc",,36,0,5339,0,0.005
India,"Financial Year (Apr - Mar), 2022",202205,"August, 2022","APSPDCL, AP","Anantpur,Kadapa,Kurnool,Nellore,Tirupati",,11,1,773,0,0.001
India,"Financial Year (Apr - Mar), 2022",202205,"August, 2022","AVVNL, Raj",Ajmer,,,,,,
India,"Financial Year (Apr - Mar), 2022",202205,"August, 2022","BRPL, Delhi",New Delhi,,1320,1,3462684,705960,4.169
India,"Financial Year (Apr - Mar), 2022",202205,"August, 2022","BYPL, Delhi",New Delhi,,982,1,1691718,286170,1.978
India,"Financial Year (Apr - Mar), 2022",202205,"August, 2022","Brihan Mumbai Electric Supply Company (BEST),Mah",Mumbai (Best),,11,10,29411,1232470,1.262
India,"Financial Year (Apr - Mar), 2022",202205,"August, 2022","CESC Mysore,Kar","Mysore, Mandya,Hassan, Kodagu",,9,0,496,0,0
India,"Financial Year (Apr - Mar), 2022",202205,"August, 2022","CESC, WB",Kolkata,,5,11,285,266072,0.266
India,"Financial Year (Apr - Mar), 2022",202205,"August, 2022","DGVCL, Guj","Surat City, Navsari,Vapi-Town, Haldarva,Bharuch East, Kavadiya Colony",,7,1,15736,480420,0.496
India,"Financial Year (Apr - Mar), 2022",202205,"August, 2022","DVC, WB","Maithon,Dhanbad","* = Due to non submission of data by some DISCOMs/entities , the total power consumption is provisional and may be updated later.",1,0,0,0,0
India,"Financial Year (Apr - Mar), 2022",202205,"August, 2022","HESCOM,  Kar",,Information not provided,,,,,
India,"Financial Year (Apr - Mar), 2022",202205,"August, 2022","JDVVNL, Raj",Pali,,,,,,
India,"Financial Year (Apr - Mar), 2022",202205,"August, 2022","KSEB, Ker","Thiruvananthapuram,Ernakulam,Kozhikode",,29,1,30583,0,0.031
India,"Financial Year (Apr - Mar), 2022",202205,"August, 2022","LPDCL, UT of Ladakh",,,,,,,
India,"Financial Year (Apr - Mar), 2022",202205,"August, 2022","MESCOM, Kar","Mangaluru, Udupi,Shivamogga,Chikkamagaluru",,60,0,1372,0,0.001
India,"Financial Year (Apr - Mar), 2022",202205,"August, 2022","MSEDCL, Mah","Navi Mumbai,Pune, Thane,Nagpur",,48,4,2692,1121308,1.124
India,"Financial Year (Apr - Mar), 2022",202205,"August, 2022","NBPDCL, Bihar",Patna,,,,,,
India,"Financial Year (Apr - Mar), 2022",202205,"August, 2022","Noida Power Company Ltd.(NPCL), UP",Greater Noida,,1,0,2354,0,0.002
India,"Financial Year (Apr - Mar), 2022",202205,"August, 2022","PGVCL, Guj","Rajkot, Surendranagar,Junagadh, Jamnagar,Morbi, Botad",,6,1,2096,142720,0.145
India,"Financial Year (Apr - Mar), 2022",202205,"August, 2022",SBPDCL,Patna,,,,,,
India,"Financial Year (Apr - Mar), 2022",202205,"August, 2022","TANGEDCO,TN","Coimbatore,Villupuram,Tirunelveli,Chennai North, Vellore",,37,0,42753,0,0.043
India,"Financial Year (Apr - Mar), 2022",202205,"August, 2022","TPCODL, Orissa",Bhubaneswar,,,,,,
India,"Financial Year (Apr - Mar), 2022",202205,"August, 2022","TSNPDCL, Tng","Adilabad,Hanamkonda,Kamareddy,Karimnagar,Khammam,Mahabubabad, Nirmal,Nazimabad, Pdeapally,Warangal",,5,0,630,0,0.001
India,"Financial Year (Apr - Mar), 2022",202205,"August, 2022","TSSPDCL, Tng",Hyderabad,,27,2,12869,861,0.014
India,"Financial Year (Apr - Mar), 2022",202205,"August, 2022","Torrent Power,Guj",Ahemdabad,,9,5,13829,1541055,1.555
India,"Financial Year (Apr - Mar), 2022",202205,"August, 2022","UGVCL, Guj","Hebatpur,Bavla(Ramnagar),Fedra,Dholasan,Asal, Modasa,Majadar,Nugar,Rangpur",,6,0,1646,0,0.002
India,"Financial Year (Apr - Mar), 2022",202205,"August, 2022","UHBVN,Haryana","Panchkula, Karnal,Kaithal, Sonipat",,6,0,1009,0,0.001
India,"Financial Year (Apr - Mar), 2022",202204,"July, 2022","TANGEDCO,TN","Coimbatore,Villupuram,Tirunelveli,Chennai North, Vellore",,34,0,62274,0,0.062
India,"Financial Year (Apr - Mar), 2022",202204,"July, 2022","UHBVN,Haryana","Panchkula, Karnal,Kaithal, Sonipat",,6,0,818,0,0.001
India,"Financial Year (Apr - Mar), 2022",202204,"July, 2022","UGVCL, Guj","Hebatpur,Bavla(Ramnagar),Fedra,Dholasan,Asal, Modasa,Majadar,Nugar,Rangpur",,5,0,2818,0,0.003
India,"Financial Year (Apr - Mar), 2022",202204,"July, 2022","Torrent Power,Guj",Ahemdabad,,8,5,17373,1446808,1.464
India,"Financial Year (Apr - Mar), 2022",202204,"July, 2022","Tata Power-DDL,Delhi",New Delhi,,535,2,2170000,1020000,3.19
India,"Financial Year (Apr - Mar), 2022",202204,"July, 2022","TSSPDCL, Tng",Hyderabad,,22,1,10911,270,0.011
India,"Financial Year (Apr - Mar), 2022",202204,"July, 2022","TSNPDCL, Tng","Adilabad,Hanamkonda,Kamareddy,Karimnagar,Khammam,Mahabubabad, Nirmal,Nazimabad, Pdeapally,Warangal",,1,0,472,0,0
India,"Financial Year (Apr - Mar), 2022",202204,"July, 2022","TPCODL, Orissa",Bhubaneswar,,,,,,
India,"Financial Year (Apr - Mar), 2022",202204,"July, 2022",SBPDCL,Patna,,,,,,
India,"Financial Year (Apr - Mar), 2022",202204,"July, 2022","PGVCL, Guj","Rajkot, Surendranagar,Junagadh, Jamnagar,Morbi, Botad",,3,1,1677,131220,0.133
India,"Financial Year (Apr - Mar), 2022",202204,"July, 2022","Noida Power Company Ltd.(NPCL), UP",Greater Noida,,0,0,0,0,0
India,"Financial Year (Apr - Mar), 2022",202204,"July, 2022","NBPDCL, Bihar",Patna,,,,,,
India,"Financial Year (Apr - Mar), 2022",202204,"July, 2022","MSEDCL, Mah","Navi Mumbai,Pune, Thane,Nagpur",,48,4,21098,607724,0.629
India,"Financial Year (Apr - Mar), 2022",202204,"July, 2022","MESCOM, Kar","Mangaluru, Udupi,Shivamogga,Chikkamagaluru",,1,0,480,0,0
India,"Financial Year (Apr - Mar), 2022",202204,"July, 2022","LPDCL, UT of Ladakh",,,,,,,
India,"Financial Year (Apr - Mar), 2022",202204,"July, 2022","KSEB, Ker","Thiruvananthapuram,Ernakulam,Kozhikode",,18,1,20427,114,0.021
India,"Financial Year (Apr - Mar), 2022",202204,"July, 2022","JDVVNL, Raj",Pali,,,,,,
India,"Financial Year (Apr - Mar), 2022",202204,"July, 2022","DVC, WB","Maithon,Dhanbad","* = Due to non submission of data by some DISCOMs/entities , the total power consumption is provisional and may be updated later.",1,0,0,0,0
India,"Financial Year (Apr - Mar), 2022",202204,"July, 2022","DGVCL, Guj","Surat City, Navsari,Vapi-Town, Haldarva,Bharuch East, Kavadiya Colony",,7,1,14179,360580,0.375
India,"Financial Year (Apr - Mar), 2022",202204,"July, 2022","CESC, WB",Kolkata,,5,11,320,282481,0.283
India,"Financial Year (Apr - Mar), 2022",202204,"July, 2022","CESC Mysore,Kar","Mysore, Mandya,Hassan, Kodagu",,9,0,168,0,0
India,"Financial Year (Apr - Mar), 2022",202204,"July, 2022","Brihan Mumbai Electric Supply Company (BEST),Mah",Mumbai (Best),,11,10,25843,1352927,1.379
India,"Financial Year (Apr - Mar), 2022",202204,"July, 2022","BYPL, Delhi",New Delhi,,982,1,1625587,267930,1.894
India,"Financial Year (Apr - Mar), 2022",202204,"July, 2022","BRPL, Delhi",New Delhi,,1254,1,3257340,544020,3.801
India,"Financial Year (Apr - Mar), 2022",202204,"July, 2022","AVVNL, Raj",Ajmer,,,,,,
India,"Financial Year (Apr - Mar), 2022",202204,"July, 2022","APSPDCL, AP","Anantpur,Kadapa,Kurnool,Nellore,Tirupati",,11,0,613,0,0.001
India,"Financial Year (Apr - Mar), 2022",202204,"July, 2022","APEPDCL, AP","Visakhapatnam,Rajmahendravaram,West Godavari,Srikakulam,Vizianagaram Etc",,34,0,5923,0,0.006
India,"Financial Year (Apr - Mar), 2022",202204,"July, 2022","APDCL, Assam","Badarpur,Karimganj,Kokrajhar,Nagaon,Silchar,Guwahati,Tezpur",,11,2,23291,20598,0.044
India,"Financial Year (Apr - Mar), 2022",202203,"June, 2022","BRPL, Delhi",New Delhi,,1208,1,2917073,384120,3.301
India,"Financial Year (Apr - Mar), 2022",202203,"June, 2022","BYPL, Delhi",New Delhi,,982,1,1548721,287880,1.837
India,"Financial Year (Apr - Mar), 2022",202203,"June, 2022","Brihan Mumbai Electric Supply Company (BEST),Mah",Mumbai (Best),,11,10,26861,1439790,1.467
India,"Financial Year (Apr - Mar), 2022",202203,"June, 2022","CESC Mysore,Kar","Mysore, Mandya,Hassan, Kodagu",,8,0,67,0,0
India,"Financial Year (Apr - Mar), 2022",202203,"June, 2022","CESC, WB",Kolkata,,5,11,330,278302,0.279
India,"Financial Year (Apr - Mar), 2022",202203,"June, 2022","DGVCL, Guj","Surat City, Navsari,Vapi-Town, Haldarva,Bharuch East, Kavadiya Colony",,7,1,14101,377840,0.392
India,"Financial Year (Apr - Mar), 2022",202203,"June, 2022","APDCL, Assam","Badarpur,Karimganj,Kokrajhar,Nagaon,Silchar,Guwahati,Tezpur",,11,2,24978,29995,0.055
India,"Financial Year (Apr - Mar), 2022",202203,"June, 2022","APEPDCL, AP","Visakhapatnam,Rajmahendravaram,West Godavari,Srikakulam,Vizianagaram Etc",,34,0,6639,0,0.007
India,"Financial Year (Apr - Mar), 2022",202203,"June, 2022","APSPDCL, AP","Anantpur,Kadapa,Kurnool,Nellore,Tirupati",,11,0,2095,0,0.002
India,"Financial Year (Apr - Mar), 2022",202203,"June, 2022","AVVNL, Raj",Ajmer,,,,,,
India,"Financial Year (Apr - Mar), 2022",202203,"June, 2022","UHBVN,Haryana","Panchkula, Karnal,Kaithal, Sonipat",,6,0,936,0,0.001
India,"Financial Year (Apr - Mar), 2022",202203,"June, 2022","UGVCL, Guj","Hebatpur,Bavla(Ramnagar),Fedra,Dholasan,Asal, Modasa,Majadar,Nugar,Rangpur",,3,0,2264,0,0.002
India,"Financial Year (Apr - Mar), 2022",202203,"June, 2022","Torrent Power,Guj",Ahemdabad,,8,4,18885,1537800,1.557
India,"Financial Year (Apr - Mar), 2022",202203,"June, 2022","Tata Power-DDL,Delhi",New Delhi,,530,2,2160000,730000,2.89
India,"Financial Year (Apr - Mar), 2022",202203,"June, 2022","TSSPDCL, Tng",Hyderabad,,18,1,7383,73,0.007
India,"Financial Year (Apr - Mar), 2022",202203,"June, 2022","TSNPDCL, Tng","Adilabad,Hanamkonda,Kamareddy,Karimnagar,Khammam,Mahabubabad, Nirmal,Nazimabad, Pdeapally,Warangal",,1,0,223,0,0
India,"Financial Year (Apr - Mar), 2022",202203,"June, 2022","TPCODL, Orissa",Bhubaneswar,,,,,,
India,"Financial Year (Apr - Mar), 2022",202203,"June, 2022","TANGEDCO,TN","Coimbatore,Villupuram,Tirunelveli,Chennai North, Vellore",,33,0,47531,0,0.048
India,"Financial Year (Apr - Mar), 2022",202203,"June, 2022",SBPDCL,Patna,,,,,,
India,"Financial Year (Apr - Mar), 2022",202203,"June, 2022","PGVCL, Guj","Rajkot, Surendranagar,Junagadh, Jamnagar,Morbi, Botad",,3,1,3354,146600,0.15
India,"Financial Year (Apr - Mar), 2022",202203,"June, 2022","Noida Power Company Ltd.(NPCL), UP",Greater Noida,,0,0,0,0,0
India,"Financial Year (Apr - Mar), 2022",202203,"June, 2022","NBPDCL, Bihar",Patna,,,,,,
India,"Financial Year (Apr - Mar), 2022",202203,"June, 2022","MSEDCL, Mah","Navi Mumbai,Pune, Thane,Nagpur",,48,4,1786,938444,0.94
India,"Financial Year (Apr - Mar), 2022",202203,"June, 2022","MESCOM, Kar","Mangaluru, Udupi,Shivamogga,Chikkamagaluru",,1,0,1162,0,0.001
India,"Financial Year (Apr - Mar), 2022",202203,"June, 2022","LPDCL, UT of Ladakh",,,,,,,
India,"Financial Year (Apr - Mar), 2022",202203,"June, 2022","KSEB, Ker","Thiruvananthapuram,Ernakulam,Kozhikode",,18,1,26234,0,0.026
India,"Financial Year (Apr - Mar), 2022",202203,"June, 2022","JDVVNL, Raj",Pali,,,,,,
India,"Financial Year (Apr - Mar), 2022",202203,"June, 2022","HESCOM,  Kar",,Information not provided,,,,,
India,"Financial Year (Apr - Mar), 2022",202203,"June, 2022","DVC, WB","Maithon,Dhanbad","* = Due to non submission of data by some DISCOMs/entities , the total power consumption is provisional and may be updated later.",1,0,0,0,0
India,"Financial Year (Apr - Mar), 2022",202202,"May, 2022","TSSPDCL, Tng",Hyderabad,,16,0,4817,0,0.005
India,"Financial Year (Apr - Mar), 2022",202202,"May, 2022","BYPL, Delhi",New Delhi,,941,1,1485693,248070,1.734
India,"Financial Year (Apr - Mar), 2022",202202,"May, 2022","Brihan Mumbai Electric Supply Company (BEST),Mah",Mumbai (Best),,11,10,24822,1347518,1.372
India,"Financial Year (Apr - Mar), 2022",202202,"May, 2022","CESC Mysore,Kar","Mysore, Mandya,Hassan, Kodagu",,8,0,102,0,0
India,"Financial Year (Apr - Mar), 2022",202202,"May, 2022","CESC, WB",Kolkata,,5,11,271,276861,0.277
India,"Financial Year (Apr - Mar), 2022",202202,"May, 2022","DGVCL, Guj","Surat City, Navsari,Vapi-Town, Haldarva,Bharuch East, Kavadiya Colony",,7,1,9810,304080,0.314
India,"Financial Year (Apr - Mar), 2022",202202,"May, 2022","DVC, WB","Maithon,Dhanbad","* = Due to non submission of data by some DISCOMs/entities , the total power consumption is provisional and may be updated later.",1,0,0,0,0
India,"Financial Year (Apr - Mar), 2022",202202,"May, 2022","HESCOM,  Kar",,Information not provided,,,,,
India,"Financial Year (Apr - Mar), 2022",202202,"May, 2022","JDVVNL, Raj",Pali,,,,,,
India,"Financial Year (Apr - Mar), 2022",202202,"May, 2022","KSEB, Ker","Thiruvananthapuram,Ernakulam,Kozhikode",,16,1,21983,15,0.022
India,"Financial Year (Apr - Mar), 2022",202202,"May, 2022","LPDCL, UT of Ladakh",,,,,,,
India,"Financial Year (Apr - Mar), 2022",202202,"May, 2022","MESCOM, Kar","Mangaluru, Udupi,Shivamogga,Chikkamagaluru",,0,0,0,0,0
India,"Financial Year (Apr - Mar), 2022",202202,"May, 2022","MSEDCL, Mah","Navi Mumbai,Pune, Thane,Nagpur",,48,4,1914,652588,0.655
India,"Financial Year (Apr - Mar), 2022",202202,"May, 2022","NBPDCL, Bihar",Patna,,,,,,
India,"Financial Year (Apr - Mar), 2022",202202,"May, 2022","Noida Power Company Ltd.(NPCL), UP",Greater Noida,,0,0,0,0,0
India,"Financial Year (Apr - Mar), 2022",202202,"May, 2022","PGVCL, Guj","Rajkot, Surendranagar,Junagadh, Jamnagar,Morbi, Botad",,3,1,455,135780,0.136
India,"Financial Year (Apr - Mar), 2022",202202,"May, 2022",SBPDCL,Patna,,,,,,
India,"Financial Year (Apr - Mar), 2022",202202,"May, 2022","TANGEDCO,TN","Coimbatore,Villupuram,Tirunelveli,Chennai North, Vellore",,32,0,61383,0,0.061
India,"Financial Year (Apr - Mar), 2022",202202,"May, 2022","TPCODL, Orissa",Bhubaneswar,,,,,,
India,"Financial Year (Apr - Mar), 2022",202202,"May, 2022","TSNPDCL, Tng","Adilabad,Hanamkonda,Kamareddy,Karimnagar,Khammam,Mahabubabad, Nirmal,Nazimabad, Pdeapally,Warangal",,1,0,286,0,0
India,"Financial Year (Apr - Mar), 2022",202202,"May, 2022","Tata Power-DDL,Delhi",New Delhi,,527,1,2290000,10000,2.3
India,"Financial Year (Apr - Mar), 2022",202202,"May, 2022","Torrent Power,Guj",Ahemdabad,,7,4,17359,1573620,1.591
India,"Financial Year (Apr - Mar), 2022",202202,"May, 2022","UGVCL, Guj","Hebatpur,Bavla(Ramnagar),Fedra,Dholasan,Asal, Modasa,Majadar,Nugar,Rangpur",,2,0,2012,0,0.002
India,"Financial Year (Apr - Mar), 2022",202202,"May, 2022","UHBVN,Haryana","Panchkula, Karnal,Kaithal, Sonipat",,6,0,5524,0,0.006
India,"Financial Year (Apr - Mar), 2022",202202,"May, 2022","BRPL, Delhi",New Delhi,,1167,1,2997427,24720,3.022
India,"Financial Year (Apr - Mar), 2022",202202,"May, 2022","AVVNL, Raj",Ajmer,,,,,,
India,"Financial Year (Apr - Mar), 2022",202202,"May, 2022","APSPDCL, AP","Anantpur,Kadapa,Kurnool,Nellore,Tirupati",,11,0,2152,0,0.002
India,"Financial Year (Apr - Mar), 2022",202202,"May, 2022","APEPDCL, AP","Visakhapatnam,Rajmahendravaram,West Godavari,Srikakulam,Vizianagaram Etc",,34,0,7125,0,0.007
India,"Financial Year (Apr - Mar), 2022",202202,"May, 2022","APDCL, Assam","Badarpur,Karimganj,Kokrajhar,Nagaon,Silchar,Guwahati,Tezpur",,9,2,18219,28573,0.047
India,"Financial Year (Apr - Mar), 2022",202201,"April, 2022","DGVCL, Guj","Surat City, Navsari,Vapi-Town, Haldarva,Bharuch East, Kavadiya Colony",,6,1,11717,351820,0.364
India,"Financial Year (Apr - Mar), 2022",202201,"April, 2022","UHBVN,Haryana","Panchkula, Karnal,Kaithal, Sonipat",,6,0,2498,0,0.002
India,"Financial Year (Apr - Mar), 2022",202201,"April, 2022","APDCL, Assam","Badarpur,Karimganj,Kokrajhar,Nagaon,Silchar,Guwahati,Tezpur",,10,2,20226,28839,0.049
India,"Financial Year (Apr - Mar), 2022",202201,"April, 2022","UGVCL, Guj","Hebatpur,Bavla(Ramnagar),Fedra,Dholasan,Asal, Modasa,Majadar,Nugar,Rangpur",,2,0,1389,0,0.001
India,"Financial Year (Apr - Mar), 2022",202201,"April, 2022","Torrent Power,Guj",Ahemdabad,,7,4,15772,1481070,1.497
India,"Financial Year (Apr - Mar), 2022",202201,"April, 2022","Tata Power-DDL,Delhi",New Delhi,,463,1,2000000,50000,2.05
India,"Financial Year (Apr - Mar), 2022",202201,"April, 2022","TSSPDCL, Tng",Hyderabad,,7,0,1700,0,0.002
India,"Financial Year (Apr - Mar), 2022",202201,"April, 2022","TSNPDCL, Tng","Adilabad,Hanamkonda,Kamareddy,Karimnagar,Khammam,Mahabubabad, Nirmal,Nazimabad, Pdeapally,Warangal",,0,0,0,0,0
India,"Financial Year (Apr - Mar), 2022",202201,"April, 2022","DVC, WB","Maithon,Dhanbad","* = Due to non submission of data by some DISCOMs/entities , the total power consumption is provisional and may be updated later.",1,0,0,0,0
India,"Financial Year (Apr - Mar), 2022",202201,"April, 2022","TPCODL, Orissa",Bhubaneswar,,,,,,
India,"Financial Year (Apr - Mar), 2022",202201,"April, 2022","TANGEDCO,TN","Coimbatore,Villupuram,Tirunelveli,Chennai North, Vellore",,30,0,53523,0,0.054
India,"Financial Year (Apr - Mar), 2022",202201,"April, 2022",SBPDCL,Patna,,,,,,
India,"Financial Year (Apr - Mar), 2022",202201,"April, 2022","PGVCL, Guj","Rajkot, Surendranagar,Junagadh, Jamnagar,Morbi, Botad",,2,1,526,134140,0.135
India,"Financial Year (Apr - Mar), 2022",202201,"April, 2022","Noida Power Company Ltd.(NPCL), UP",Greater Noida,,0,0,0,0,0
India,"Financial Year (Apr - Mar), 2022",202201,"April, 2022","NBPDCL, Bihar",Patna,,,,,,
India,"Financial Year (Apr - Mar), 2022",202201,"April, 2022","MSEDCL, Mah","Navi Mumbai,Pune, Thane,Nagpur",,48,4,1,133796,0.134
India,"Financial Year (Apr - Mar), 2022",202201,"April, 2022","MESCOM, Kar","Mangaluru, Udupi,Shivamogga,Chikkamagaluru",,0,0,0,0,0
India,"Financial Year (Apr - Mar), 2022",202201,"April, 2022","LPDCL, UT of Ladakh",,,,,,,
India,"Financial Year (Apr - Mar), 2022",202201,"April, 2022","KSEB, Ker","Thiruvananthapuram,Ernakulam,Kozhikode",,10,0,11526,0,0.012
India,"Financial Year (Apr - Mar), 2022",202201,"April, 2022","JDVVNL, Raj",Pali,,,,,,
India,"Financial Year (Apr - Mar), 2022",202201,"April, 2022","HESCOM,  Kar",,Information not provided,,,,,
India,"Financial Year (Apr - Mar), 2022",202201,"April, 2022","APEPDCL, AP","Visakhapatnam,Rajmahendravaram,West Godavari,Srikakulam,Vizianagaram Etc",,33,0,6101,0,0.006
India,"Financial Year (Apr - Mar), 2022",202201,"April, 2022","APSPDCL, AP","Anantpur,Kadapa,Kurnool,Nellore,Tirupati",,11,0,2059,0,0.002
India,"Financial Year (Apr - Mar), 2022",202201,"April, 2022","AVVNL, Raj",Ajmer,,,,,,
India,"Financial Year (Apr - Mar), 2022",202201,"April, 2022","BRPL, Delhi",New Delhi,,1143,1,2513071,3660,2.517
India,"Financial Year (Apr - Mar), 2022",202201,"April, 2022","BYPL, Delhi",New Delhi,,941,1,1366776,186150,1.553
India,"Financial Year (Apr - Mar), 2022",202201,"April, 2022","Brihan Mumbai Electric Supply Company (BEST),Mah",Mumbai (Best),,11,10,29890,1309720,1.34
India,"Financial Year (Apr - Mar), 2022",202201,"April, 2022","CESC Mysore,Kar","Mysore, Mandya,Hassan, Kodagu",,8,0,90,0,0
India,"Financial Year (Apr - Mar), 2022",202201,"April, 2022","CESC, WB",Kolkata,,5,11,311,271576,0.272
